Comunidades y ciudades autónomas;Grupo de edad;Periodo;Total
Total Nacional;Todas las edades;2023;36.434
Total Nacional;Todas las edades;2022;33.209
Total Nacional;Todas las edades;2021;30.047
Total Nacional;Todas las edades;2020;29.135
Total Nacional;Todas las edades;2019;31.805
Total Nacional;Todas las edades;2018;31.250
Total Nacional;Todas las edades;2017;28.987
Total Nacional;Todas las edades;2016;28.201
Total Nacional;Todas las edades;2015;27.562
Total Nacional;Todas las edades;2014;26.987
Total Nacional;Todas las edades;2013;27.017
Total Nacional;Todas las edades;2012;29.048
Total Nacional;Todas las edades;2011;32.142
Total Nacional;Menos de 18 años;2023;126
Total Nacional;Menos de 18 años;2022;100
Total Nacional;Menos de 18 años;2021;123
Total Nacional;Menos de 18 años;2020;72
Total Nacional;Menos de 18 años;2019;125
Total Nacional;Menos de 18 años;2018;103
Total Nacional;Menos de 18 años;2017;127
Total Nacional;Menos de 18 años;2016;107
Total Nacional;Menos de 18 años;2015;101
Total Nacional;Menos de 18 años;2014;90
Total Nacional;Menos de 18 años;2013;76
Total Nacional;Menos de 18 años;2012;72
Total Nacional;Menos de 18 años;2011;71
Total Nacional;De 18 a 24 años;2023;3.352
Total Nacional;De 18 a 24 años;2022;3.038
Total Nacional;De 18 a 24 años;2021;2.912
Total Nacional;De 18 a 24 años;2020;2.754
Total Nacional;De 18 a 24 años;2019;3.203
Total Nacional;De 18 a 24 años;2018;3.280
Total Nacional;De 18 a 24 años;2017;2.975
Total Nacional;De 18 a 24 años;2016;2.816
Total Nacional;De 18 a 24 años;2015;2.739
Total Nacional;De 18 a 24 años;2014;2.718
Total Nacional;De 18 a 24 años;2013;2.691
Total Nacional;De 18 a 24 años;2012;3.054
Total Nacional;De 18 a 24 años;2011;3.313
Total Nacional;De 25 a 44 años;2023;21.729
Total Nacional;De 25 a 44 años;2022;20.000
Total Nacional;De 25 a 44 años;2021;18.063
Total Nacional;De 25 a 44 años;2020;17.491
Total Nacional;De 25 a 44 años;2019;19.502
Total Nacional;De 25 a 44 años;2018;18.877
Total Nacional;De 25 a 44 años;2017;17.489
Total Nacional;De 25 a 44 años;2016;17.156
Total Nacional;De 25 a 44 años;2015;16.689
Total Nacional;De 25 a 44 años;2014;16.659
Total Nacional;De 25 a 44 años;2013;16.837
Total Nacional;De 25 a 44 años;2012;18.390
Total Nacional;De 25 a 44 años;2011;20.514
Total Nacional;De 45 a 64 años;2023;10.055
Total Nacional;De 45 a 64 años;2022;9.002
Total Nacional;De 45 a 64 años;2021;8.016
Total Nacional;De 45 a 64 años;2020;7.833
Total Nacional;De 45 a 64 años;2019;8.005
Total Nacional;De 45 a 64 años;2018;8.033
Total Nacional;De 45 a 64 años;2017;7.462
Total Nacional;De 45 a 64 años;2016;7.164
Total Nacional;De 45 a 64 años;2015;7.108
Total Nacional;De 45 a 64 años;2014;6.644
Total Nacional;De 45 a 64 años;2013;6.600
Total Nacional;De 45 a 64 años;2012;6.680
Total Nacional;De 45 a 64 años;2011;7.354
Total Nacional;65 y más años;2023;1.172
Total Nacional;65 y más años;2022;1.069
Total Nacional;65 y más años;2021;933
Total Nacional;65 y más años;2020;985
Total Nacional;65 y más años;2019;970
Total Nacional;65 y más años;2018;957
Total Nacional;65 y más años;2017;934
Total Nacional;65 y más años;2016;958
Total Nacional;65 y más años;2015;925
Total Nacional;65 y más años;2014;876
Total Nacional;65 y más años;2013;813
Total Nacional;65 y más años;2012;852
Total Nacional;65 y más años;2011;890
Andalucía;Todas las edades;2023;8.366
Andalucía;Todas las edades;2022;7.590
Andalucía;Todas las edades;2021;6.691
Andalucía;Todas las edades;2020;6.790
Andalucía;Todas las edades;2019;7.098
Andalucía;Todas las edades;2018;7.038
Andalucía;Todas las edades;2017;6.975
Andalucía;Todas las edades;2016;6.912
Andalucía;Todas las edades;2015;6.984
Andalucía;Todas las edades;2014;6.983
Andalucía;Todas las edades;2013;6.761
Andalucía;Todas las edades;2012;7.111
Andalucía;Todas las edades;2011;7.724
Andalucía;Menos de 18 años;2023;41
Andalucía;Menos de 18 años;2022;22
Andalucía;Menos de 18 años;2021;24
Andalucía;Menos de 18 años;2020;16
Andalucía;Menos de 18 años;2019;35
Andalucía;Menos de 18 años;2018;20
Andalucía;Menos de 18 años;2017;30
Andalucía;Menos de 18 años;2016;20
Andalucía;Menos de 18 años;2015;18
Andalucía;Menos de 18 años;2014;15
Andalucía;Menos de 18 años;2013;13
Andalucía;Menos de 18 años;2012;10
Andalucía;Menos de 18 años;2011;13
Andalucía;De 18 a 24 años;2023;730
Andalucía;De 18 a 24 años;2022;642
Andalucía;De 18 a 24 años;2021;625
Andalucía;De 18 a 24 años;2020;606
Andalucía;De 18 a 24 años;2019;664
Andalucía;De 18 a 24 años;2018;705
Andalucía;De 18 a 24 años;2017;646
Andalucía;De 18 a 24 años;2016;670
Andalucía;De 18 a 24 años;2015;718
Andalucía;De 18 a 24 años;2014;667
Andalucía;De 18 a 24 años;2013;700
Andalucía;De 18 a 24 años;2012;805
Andalucía;De 18 a 24 años;2011;870
Andalucía;De 25 a 44 años;2023;5.002
Andalucía;De 25 a 44 años;2022;4.587
Andalucía;De 25 a 44 años;2021;4.037
Andalucía;De 25 a 44 años;2020;4.093
Andalucía;De 25 a 44 años;2019;4.329
Andalucía;De 25 a 44 años;2018;4.168
Andalucía;De 25 a 44 años;2017;4.174
Andalucía;De 25 a 44 años;2016;4.178
Andalucía;De 25 a 44 años;2015;4.203
Andalucía;De 25 a 44 años;2014;4.254
Andalucía;De 25 a 44 años;2013;4.113
Andalucía;De 25 a 44 años;2012;4.423
Andalucía;De 25 a 44 años;2011;4.711
Andalucía;De 45 a 64 años;2023;2.302
Andalucía;De 45 a 64 años;2022;2.075
Andalucía;De 45 a 64 años;2021;1.790
Andalucía;De 45 a 64 años;2020;1.833
Andalucía;De 45 a 64 años;2019;1.837
Andalucía;De 45 a 64 años;2018;1.911
Andalucía;De 45 a 64 años;2017;1.874
Andalucía;De 45 a 64 años;2016;1.795
Andalucía;De 45 a 64 años;2015;1.790
Andalucía;De 45 a 64 años;2014;1.804
Andalucía;De 45 a 64 años;2013;1.739
Andalucía;De 45 a 64 años;2012;1.652
Andalucía;De 45 a 64 años;2011;1.903
Andalucía;65 y más años;2023;291
Andalucía;65 y más años;2022;264
Andalucía;65 y más años;2021;215
Andalucía;65 y más años;2020;242
Andalucía;65 y más años;2019;233
Andalucía;65 y más años;2018;234
Andalucía;65 y más años;2017;251
Andalucía;65 y más años;2016;249
Andalucía;65 y más años;2015;255
Andalucía;65 y más años;2014;243
Andalucía;65 y más años;2013;196
Andalucía;65 y más años;2012;221
Andalucía;65 y más años;2011;227
Aragón;Todas las edades;2023;1.081
Aragón;Todas las edades;2022;929
Aragón;Todas las edades;2021;811
Aragón;Todas las edades;2020;717
Aragón;Todas las edades;2019;872
Aragón;Todas las edades;2018;847
Aragón;Todas las edades;2017;820
Aragón;Todas las edades;2016;874
Aragón;Todas las edades;2015;711
Aragón;Todas las edades;2014;770
Aragón;Todas las edades;2013;712
Aragón;Todas las edades;2012;726
Aragón;Todas las edades;2011;847
Aragón;Menos de 18 años;2023;12
Aragón;Menos de 18 años;2022;5
Aragón;Menos de 18 años;2021;7
Aragón;Menos de 18 años;2020;4
Aragón;Menos de 18 años;2019;8
Aragón;Menos de 18 años;2018;4
Aragón;Menos de 18 años;2017;7
Aragón;Menos de 18 años;2016;3
Aragón;Menos de 18 años;2015;1
Aragón;Menos de 18 años;2014;3
Aragón;Menos de 18 años;2013;4
Aragón;Menos de 18 años;2012;2
Aragón;Menos de 18 años;2011;3
Aragón;De 18 a 24 años;2023;90
Aragón;De 18 a 24 años;2022;86
Aragón;De 18 a 24 años;2021;71
Aragón;De 18 a 24 años;2020;72
Aragón;De 18 a 24 años;2019;82
Aragón;De 18 a 24 años;2018;97
Aragón;De 18 a 24 años;2017;89
Aragón;De 18 a 24 años;2016;85
Aragón;De 18 a 24 años;2015;62
Aragón;De 18 a 24 años;2014;83
Aragón;De 18 a 24 años;2013;55
Aragón;De 18 a 24 años;2012;70
Aragón;De 18 a 24 años;2011;69
Aragón;De 25 a 44 años;2023;645
Aragón;De 25 a 44 años;2022;551
Aragón;De 25 a 44 años;2021;464
Aragón;De 25 a 44 años;2020;423
Aragón;De 25 a 44 años;2019;533
Aragón;De 25 a 44 años;2018;516
Aragón;De 25 a 44 años;2017;507
Aragón;De 25 a 44 años;2016;551
Aragón;De 25 a 44 años;2015;440
Aragón;De 25 a 44 años;2014;503
Aragón;De 25 a 44 años;2013;463
Aragón;De 25 a 44 años;2012;464
Aragón;De 25 a 44 años;2011;577
Aragón;De 45 a 64 años;2023;301
Aragón;De 45 a 64 años;2022;267
Aragón;De 45 a 64 años;2021;237
Aragón;De 45 a 64 años;2020;193
Aragón;De 45 a 64 años;2019;230
Aragón;De 45 a 64 años;2018;206
Aragón;De 45 a 64 años;2017;194
Aragón;De 45 a 64 años;2016;213
Aragón;De 45 a 64 años;2015;190
Aragón;De 45 a 64 años;2014;159
Aragón;De 45 a 64 años;2013;170
Aragón;De 45 a 64 años;2012;168
Aragón;De 45 a 64 años;2011;177
Aragón;65 y más años;2023;33
Aragón;65 y más años;2022;20
Aragón;65 y más años;2021;32
Aragón;65 y más años;2020;25
Aragón;65 y más años;2019;19
Aragón;65 y más años;2018;24
Aragón;65 y más años;2017;23
Aragón;65 y más años;2016;22
Aragón;65 y más años;2015;18
Aragón;65 y más años;2014;22
Aragón;65 y más años;2013;20
Aragón;65 y más años;2012;22
Aragón;65 y más años;2011;21
Asturias, Principado de;Todas las edades;2023;759
Asturias, Principado de;Todas las edades;2022;723
Asturias, Principado de;Todas las edades;2021;534
Asturias, Principado de;Todas las edades;2020;623
Asturias, Principado de;Todas las edades;2019;640
Asturias, Principado de;Todas las edades;2018;607
Asturias, Principado de;Todas las edades;2017;610
Asturias, Principado de;Todas las edades;2016;568
Asturias, Principado de;Todas las edades;2015;487
Asturias, Principado de;Todas las edades;2014;467
Asturias, Principado de;Todas las edades;2013;449
Asturias, Principado de;Todas las edades;2012;442
Asturias, Principado de;Todas las edades;2011;598
Asturias, Principado de;Menos de 18 años;2023;2
Asturias, Principado de;Menos de 18 años;2022;2
Asturias, Principado de;Menos de 18 años;2021;0
Asturias, Principado de;Menos de 18 años;2020;2
Asturias, Principado de;Menos de 18 años;2019;5
Asturias, Principado de;Menos de 18 años;2018;4
Asturias, Principado de;Menos de 18 años;2017;3
Asturias, Principado de;Menos de 18 años;2016;5
Asturias, Principado de;Menos de 18 años;2015;2
Asturias, Principado de;Menos de 18 años;2014;2
Asturias, Principado de;Menos de 18 años;2013;2
Asturias, Principado de;Menos de 18 años;2012;2
Asturias, Principado de;Menos de 18 años;2011;2
Asturias, Principado de;De 18 a 24 años;2023;70
Asturias, Principado de;De 18 a 24 años;2022;50
Asturias, Principado de;De 18 a 24 años;2021;38
Asturias, Principado de;De 18 a 24 años;2020;47
Asturias, Principado de;De 18 a 24 años;2019;46
Asturias, Principado de;De 18 a 24 años;2018;57
Asturias, Principado de;De 18 a 24 años;2017;60
Asturias, Principado de;De 18 a 24 años;2016;39
Asturias, Principado de;De 18 a 24 años;2015;37
Asturias, Principado de;De 18 a 24 años;2014;33
Asturias, Principado de;De 18 a 24 años;2013;29
Asturias, Principado de;De 18 a 24 años;2012;32
Asturias, Principado de;De 18 a 24 años;2011;57
Asturias, Principado de;De 25 a 44 años;2023;406
Asturias, Principado de;De 25 a 44 años;2022;405
Asturias, Principado de;De 25 a 44 años;2021;314
Asturias, Principado de;De 25 a 44 años;2020;352
Asturias, Principado de;De 25 a 44 años;2019;376
Asturias, Principado de;De 25 a 44 años;2018;342
Asturias, Principado de;De 25 a 44 años;2017;326
Asturias, Principado de;De 25 a 44 años;2016;320
Asturias, Principado de;De 25 a 44 años;2015;265
Asturias, Principado de;De 25 a 44 años;2014;251
Asturias, Principado de;De 25 a 44 años;2013;274
Asturias, Principado de;De 25 a 44 años;2012;274
Asturias, Principado de;De 25 a 44 años;2011;348
Asturias, Principado de;De 45 a 64 años;2023;246
Asturias, Principado de;De 45 a 64 años;2022;230
Asturias, Principado de;De 45 a 64 años;2021;157
Asturias, Principado de;De 45 a 64 años;2020;188
Asturias, Principado de;De 45 a 64 años;2019;183
Asturias, Principado de;De 45 a 64 años;2018;177
Asturias, Principado de;De 45 a 64 años;2017;189
Asturias, Principado de;De 45 a 64 años;2016;171
Asturias, Principado de;De 45 a 64 años;2015;161
Asturias, Principado de;De 45 a 64 años;2014;159
Asturias, Principado de;De 45 a 64 años;2013;125
Asturias, Principado de;De 45 a 64 años;2012;121
Asturias, Principado de;De 45 a 64 años;2011;165
Asturias, Principado de;65 y más años;2023;35
Asturias, Principado de;65 y más años;2022;36
Asturias, Principado de;65 y más años;2021;25
Asturias, Principado de;65 y más años;2020;34
Asturias, Principado de;65 y más años;2019;30
Asturias, Principado de;65 y más años;2018;27
Asturias, Principado de;65 y más años;2017;32
Asturias, Principado de;65 y más años;2016;33
Asturias, Principado de;65 y más años;2015;22
Asturias, Principado de;65 y más años;2014;22
Asturias, Principado de;65 y más años;2013;19
Asturias, Principado de;65 y más años;2012;13
Asturias, Principado de;65 y más años;2011;26
Balears, Illes;Todas las edades;2023;1.422
Balears, Illes;Todas las edades;2022;1.263
Balears, Illes;Todas las edades;2021;993
Balears, Illes;Todas las edades;2020;996
Balears, Illes;Todas las edades;2019;1.150
Balears, Illes;Todas las edades;2018;994
Balears, Illes;Todas las edades;2017;869
Balears, Illes;Todas las edades;2016;849
Balears, Illes;Todas las edades;2015;823
Balears, Illes;Todas las edades;2014;762
Balears, Illes;Todas las edades;2013;839
Balears, Illes;Todas las edades;2012;773
Balears, Illes;Todas las edades;2011;872
Balears, Illes;Menos de 18 años;2023;0
Balears, Illes;Menos de 18 años;2022;0
Balears, Illes;Menos de 18 años;2021;0
Balears, Illes;Menos de 18 años;2020;0
Balears, Illes;Menos de 18 años;2019;0
Balears, Illes;Menos de 18 años;2018;0
Balears, Illes;Menos de 18 años;2017;1
Balears, Illes;Menos de 18 años;2016;1
Balears, Illes;Menos de 18 años;2015;2
Balears, Illes;Menos de 18 años;2014;0
Balears, Illes;Menos de 18 años;2013;0
Balears, Illes;Menos de 18 años;2012;0
Balears, Illes;Menos de 18 años;2011;1
Balears, Illes;De 18 a 24 años;2023;142
Balears, Illes;De 18 a 24 años;2022;138
Balears, Illes;De 18 a 24 años;2021;105
Balears, Illes;De 18 a 24 años;2020;105
Balears, Illes;De 18 a 24 años;2019;123
Balears, Illes;De 18 a 24 años;2018;107
Balears, Illes;De 18 a 24 años;2017;77
Balears, Illes;De 18 a 24 años;2016;83
Balears, Illes;De 18 a 24 años;2015;91
Balears, Illes;De 18 a 24 años;2014;67
Balears, Illes;De 18 a 24 años;2013;88
Balears, Illes;De 18 a 24 años;2012;91
Balears, Illes;De 18 a 24 años;2011;82
Balears, Illes;De 25 a 44 años;2023;899
Balears, Illes;De 25 a 44 años;2022;754
Balears, Illes;De 25 a 44 años;2021;606
Balears, Illes;De 25 a 44 años;2020;620
Balears, Illes;De 25 a 44 años;2019;722
Balears, Illes;De 25 a 44 años;2018;633
Balears, Illes;De 25 a 44 años;2017;574
Balears, Illes;De 25 a 44 años;2016;556
Balears, Illes;De 25 a 44 años;2015;513
Balears, Illes;De 25 a 44 años;2014;509
Balears, Illes;De 25 a 44 años;2013;541
Balears, Illes;De 25 a 44 años;2012;476
Balears, Illes;De 25 a 44 años;2011;599
Balears, Illes;De 45 a 64 años;2023;347
Balears, Illes;De 45 a 64 años;2022;336
Balears, Illes;De 45 a 64 años;2021;252
Balears, Illes;De 45 a 64 años;2020;247
Balears, Illes;De 45 a 64 años;2019;285
Balears, Illes;De 45 a 64 años;2018;227
Balears, Illes;De 45 a 64 años;2017;191
Balears, Illes;De 45 a 64 años;2016;190
Balears, Illes;De 45 a 64 años;2015;200
Balears, Illes;De 45 a 64 años;2014;168
Balears, Illes;De 45 a 64 años;2013;191
Balears, Illes;De 45 a 64 años;2012;182
Balears, Illes;De 45 a 64 años;2011;171
Balears, Illes;65 y más años;2023;34
Balears, Illes;65 y más años;2022;35
Balears, Illes;65 y más años;2021;30
Balears, Illes;65 y más años;2020;24
Balears, Illes;65 y más años;2019;20
Balears, Illes;65 y más años;2018;27
Balears, Illes;65 y más años;2017;26
Balears, Illes;65 y más años;2016;19
Balears, Illes;65 y más años;2015;17
Balears, Illes;65 y más años;2014;18
Balears, Illes;65 y más años;2013;19
Balears, Illes;65 y más años;2012;24
Balears, Illes;65 y más años;2011;19
Canarias;Todas las edades;2023;2.509
Canarias;Todas las edades;2022;2.005
Canarias;Todas las edades;2021;1.822
Canarias;Todas las edades;2020;1.734
Canarias;Todas las edades;2019;1.699
Canarias;Todas las edades;2018;1.671
Canarias;Todas las edades;2017;1.335
Canarias;Todas las edades;2016;1.297
Canarias;Todas las edades;2015;1.258
Canarias;Todas las edades;2014;1.163
Canarias;Todas las edades;2013;1.333
Canarias;Todas las edades;2012;1.426
Canarias;Todas las edades;2011;1.483
Canarias;Menos de 18 años;2023;0
Canarias;Menos de 18 años;2022;0
Canarias;Menos de 18 años;2021;4
Canarias;Menos de 18 años;2020;2
Canarias;Menos de 18 años;2019;4
Canarias;Menos de 18 años;2018;1
Canarias;Menos de 18 años;2017;2
Canarias;Menos de 18 años;2016;2
Canarias;Menos de 18 años;2015;1
Canarias;Menos de 18 años;2014;2
Canarias;Menos de 18 años;2013;1
Canarias;Menos de 18 años;2012;0
Canarias;Menos de 18 años;2011;1
Canarias;De 18 a 24 años;2023;193
Canarias;De 18 a 24 años;2022;178
Canarias;De 18 a 24 años;2021;168
Canarias;De 18 a 24 años;2020;142
Canarias;De 18 a 24 años;2019;173
Canarias;De 18 a 24 años;2018;182
Canarias;De 18 a 24 años;2017;126
Canarias;De 18 a 24 años;2016;120
Canarias;De 18 a 24 años;2015;118
Canarias;De 18 a 24 años;2014;122
Canarias;De 18 a 24 años;2013;142
Canarias;De 18 a 24 años;2012;174
Canarias;De 18 a 24 años;2011;141
Canarias;De 25 a 44 años;2023;1.509
Canarias;De 25 a 44 años;2022;1.201
Canarias;De 25 a 44 años;2021;1.077
Canarias;De 25 a 44 años;2020;991
Canarias;De 25 a 44 años;2019;1.042
Canarias;De 25 a 44 años;2018;1.010
Canarias;De 25 a 44 años;2017;816
Canarias;De 25 a 44 años;2016;816
Canarias;De 25 a 44 años;2015;778
Canarias;De 25 a 44 años;2014;701
Canarias;De 25 a 44 años;2013;825
Canarias;De 25 a 44 años;2012;871
Canarias;De 25 a 44 años;2011;914
Canarias;De 45 a 64 años;2023;715
Canarias;De 45 a 64 años;2022;565
Canarias;De 45 a 64 años;2021;520
Canarias;De 45 a 64 años;2020;542
Canarias;De 45 a 64 años;2019;435
Canarias;De 45 a 64 años;2018;431
Canarias;De 45 a 64 años;2017;352
Canarias;De 45 a 64 años;2016;325
Canarias;De 45 a 64 años;2015;330
Canarias;De 45 a 64 años;2014;299
Canarias;De 45 a 64 años;2013;336
Canarias;De 45 a 64 años;2012;343
Canarias;De 45 a 64 años;2011;378
Canarias;65 y más años;2023;92
Canarias;65 y más años;2022;61
Canarias;65 y más años;2021;53
Canarias;65 y más años;2020;57
Canarias;65 y más años;2019;45
Canarias;65 y más años;2018;47
Canarias;65 y más años;2017;39
Canarias;65 y más años;2016;34
Canarias;65 y más años;2015;31
Canarias;65 y más años;2014;39
Canarias;65 y más años;2013;29
Canarias;65 y más años;2012;38
Canarias;65 y más años;2011;49
Cantabria;Todas las edades;2023;727
Cantabria;Todas las edades;2022;600
Cantabria;Todas las edades;2021;485
Cantabria;Todas las edades;2020;406
Cantabria;Todas las edades;2019;460
Cantabria;Todas las edades;2018;495
Cantabria;Todas las edades;2017;452
Cantabria;Todas las edades;2016;471
Cantabria;Todas las edades;2015;382
Cantabria;Todas las edades;2014;375
Cantabria;Todas las edades;2013;350
Cantabria;Todas las edades;2012;327
Cantabria;Todas las edades;2011;402
Cantabria;Menos de 18 años;2023;1
Cantabria;Menos de 18 años;2022;1
Cantabria;Menos de 18 años;2021;0
Cantabria;Menos de 18 años;2020;0
Cantabria;Menos de 18 años;2019;0
Cantabria;Menos de 18 años;2018;2
Cantabria;Menos de 18 años;2017;2
Cantabria;Menos de 18 años;2016;1
Cantabria;Menos de 18 años;2015;3
Cantabria;Menos de 18 años;2014;1
Cantabria;Menos de 18 años;2013;0
Cantabria;Menos de 18 años;2012;1
Cantabria;Menos de 18 años;2011;0
Cantabria;De 18 a 24 años;2023;67
Cantabria;De 18 a 24 años;2022;69
Cantabria;De 18 a 24 años;2021;47
Cantabria;De 18 a 24 años;2020;46
Cantabria;De 18 a 24 años;2019;52
Cantabria;De 18 a 24 años;2018;39
Cantabria;De 18 a 24 años;2017;45
Cantabria;De 18 a 24 años;2016;38
Cantabria;De 18 a 24 años;2015;30
Cantabria;De 18 a 24 años;2014;43
Cantabria;De 18 a 24 años;2013;36
Cantabria;De 18 a 24 años;2012;38
Cantabria;De 18 a 24 años;2011;33
Cantabria;De 25 a 44 años;2023;417
Cantabria;De 25 a 44 años;2022;339
Cantabria;De 25 a 44 años;2021;263
Cantabria;De 25 a 44 años;2020;234
Cantabria;De 25 a 44 años;2019;271
Cantabria;De 25 a 44 años;2018;299
Cantabria;De 25 a 44 años;2017;267
Cantabria;De 25 a 44 años;2016;293
Cantabria;De 25 a 44 años;2015;218
Cantabria;De 25 a 44 años;2014;227
Cantabria;De 25 a 44 años;2013;197
Cantabria;De 25 a 44 años;2012;191
Cantabria;De 25 a 44 años;2011;257
Cantabria;De 45 a 64 años;2023;219
Cantabria;De 45 a 64 años;2022;164
Cantabria;De 45 a 64 años;2021;157
Cantabria;De 45 a 64 años;2020;111
Cantabria;De 45 a 64 años;2019;118
Cantabria;De 45 a 64 años;2018;140
Cantabria;De 45 a 64 años;2017;129
Cantabria;De 45 a 64 años;2016;116
Cantabria;De 45 a 64 años;2015;118
Cantabria;De 45 a 64 años;2014;91
Cantabria;De 45 a 64 años;2013;102
Cantabria;De 45 a 64 años;2012;93
Cantabria;De 45 a 64 años;2011;98
Cantabria;65 y más años;2023;23
Cantabria;65 y más años;2022;27
Cantabria;65 y más años;2021;18
Cantabria;65 y más años;2020;15
Cantabria;65 y más años;2019;19
Cantabria;65 y más años;2018;15
Cantabria;65 y más años;2017;9
Cantabria;65 y más años;2016;23
Cantabria;65 y más años;2015;13
Cantabria;65 y más años;2014;13
Cantabria;65 y más años;2013;15
Cantabria;65 y más años;2012;4
Cantabria;65 y más años;2011;14
Castilla y León;Todas las edades;2023;1.923
Castilla y León;Todas las edades;2022;1.701
Castilla y León;Todas las edades;2021;1.557
Castilla y León;Todas las edades;2020;1.496
Castilla y León;Todas las edades;2019;1.520
Castilla y León;Todas las edades;2018;1.450
Castilla y León;Todas las edades;2017;1.434
Castilla y León;Todas las edades;2016;1.389
Castilla y León;Todas las edades;2015;1.475
Castilla y León;Todas las edades;2014;1.531
Castilla y León;Todas las edades;2013;1.421
Castilla y León;Todas las edades;2012;1.511
Castilla y León;Todas las edades;2011;1.629
Castilla y León;Menos de 18 años;2023;8
Castilla y León;Menos de 18 años;2022;5
Castilla y León;Menos de 18 años;2021;8
Castilla y León;Menos de 18 años;2020;3
Castilla y León;Menos de 18 años;2019;3
Castilla y León;Menos de 18 años;2018;7
Castilla y León;Menos de 18 años;2017;5
Castilla y León;Menos de 18 años;2016;4
Castilla y León;Menos de 18 años;2015;6
Castilla y León;Menos de 18 años;2014;5
Castilla y León;Menos de 18 años;2013;3
Castilla y León;Menos de 18 años;2012;1
Castilla y León;Menos de 18 años;2011;7
Castilla y León;De 18 a 24 años;2023;188
Castilla y León;De 18 a 24 años;2022;152
Castilla y León;De 18 a 24 años;2021;158
Castilla y León;De 18 a 24 años;2020;141
Castilla y León;De 18 a 24 años;2019;164
Castilla y León;De 18 a 24 años;2018;161
Castilla y León;De 18 a 24 años;2017;162
Castilla y León;De 18 a 24 años;2016;133
Castilla y León;De 18 a 24 años;2015;134
Castilla y León;De 18 a 24 años;2014;154
Castilla y León;De 18 a 24 años;2013;126
Castilla y León;De 18 a 24 años;2012;144
Castilla y León;De 18 a 24 años;2011;183
Castilla y León;De 25 a 44 años;2023;1.060
Castilla y León;De 25 a 44 años;2022;952
Castilla y León;De 25 a 44 años;2021;921
Castilla y León;De 25 a 44 años;2020;838
Castilla y León;De 25 a 44 años;2019;858
Castilla y León;De 25 a 44 años;2018;842
Castilla y León;De 25 a 44 años;2017;791
Castilla y León;De 25 a 44 años;2016;779
Castilla y León;De 25 a 44 años;2015;845
Castilla y León;De 25 a 44 años;2014;887
Castilla y León;De 25 a 44 años;2013;845
Castilla y León;De 25 a 44 años;2012;922
Castilla y León;De 25 a 44 años;2011;995
Castilla y León;De 45 a 64 años;2023;598
Castilla y León;De 45 a 64 años;2022;523
Castilla y León;De 45 a 64 años;2021;405
Castilla y León;De 45 a 64 años;2020;438
Castilla y León;De 45 a 64 años;2019;426
Castilla y León;De 45 a 64 años;2018;379
Castilla y León;De 45 a 64 años;2017;422
Castilla y León;De 45 a 64 años;2016;407
Castilla y León;De 45 a 64 años;2015;421
Castilla y León;De 45 a 64 años;2014;422
Castilla y León;De 45 a 64 años;2013;386
Castilla y León;De 45 a 64 años;2012;395
Castilla y León;De 45 a 64 años;2011;395
Castilla y León;65 y más años;2023;69
Castilla y León;65 y más años;2022;69
Castilla y León;65 y más años;2021;65
Castilla y León;65 y más años;2020;76
Castilla y León;65 y más años;2019;69
Castilla y León;65 y más años;2018;61
Castilla y León;65 y más años;2017;54
Castilla y León;65 y más años;2016;66
Castilla y León;65 y más años;2015;69
Castilla y León;65 y más años;2014;63
Castilla y León;65 y más años;2013;61
Castilla y León;65 y más años;2012;49
Castilla y León;65 y más años;2011;49
Castilla - La Mancha;Todas las edades;2023;1.873
Castilla - La Mancha;Todas las edades;2022;1.858
Castilla - La Mancha;Todas las edades;2021;1.743
Castilla - La Mancha;Todas las edades;2020;1.502
Castilla - La Mancha;Todas las edades;2019;1.674
Castilla - La Mancha;Todas las edades;2018;1.664
Castilla - La Mancha;Todas las edades;2017;1.497
Castilla - La Mancha;Todas las edades;2016;1.527
Castilla - La Mancha;Todas las edades;2015;1.577
Castilla - La Mancha;Todas las edades;2014;1.515
Castilla - La Mancha;Todas las edades;2013;1.496
Castilla - La Mancha;Todas las edades;2012;1.619
Castilla - La Mancha;Todas las edades;2011;1.764
Castilla - La Mancha;Menos de 18 años;2023;2
Castilla - La Mancha;Menos de 18 años;2022;2
Castilla - La Mancha;Menos de 18 años;2021;3
Castilla - La Mancha;Menos de 18 años;2020;5
Castilla - La Mancha;Menos de 18 años;2019;2
Castilla - La Mancha;Menos de 18 años;2018;3
Castilla - La Mancha;Menos de 18 años;2017;4
Castilla - La Mancha;Menos de 18 años;2016;4
Castilla - La Mancha;Menos de 18 años;2015;3
Castilla - La Mancha;Menos de 18 años;2014;4
Castilla - La Mancha;Menos de 18 años;2013;4
Castilla - La Mancha;Menos de 18 años;2012;5
Castilla - La Mancha;Menos de 18 años;2011;6
Castilla - La Mancha;De 18 a 24 años;2023;163
Castilla - La Mancha;De 18 a 24 años;2022;166
Castilla - La Mancha;De 18 a 24 años;2021;152
Castilla - La Mancha;De 18 a 24 años;2020;153
Castilla - La Mancha;De 18 a 24 años;2019;171
Castilla - La Mancha;De 18 a 24 años;2018;161
Castilla - La Mancha;De 18 a 24 años;2017;140
Castilla - La Mancha;De 18 a 24 años;2016;164
Castilla - La Mancha;De 18 a 24 años;2015;156
Castilla - La Mancha;De 18 a 24 años;2014;148
Castilla - La Mancha;De 18 a 24 años;2013;162
Castilla - La Mancha;De 18 a 24 años;2012;193
Castilla - La Mancha;De 18 a 24 años;2011;203
Castilla - La Mancha;De 25 a 44 años;2023;1.100
Castilla - La Mancha;De 25 a 44 años;2022;1.124
Castilla - La Mancha;De 25 a 44 años;2021;1.054
Castilla - La Mancha;De 25 a 44 años;2020;920
Castilla - La Mancha;De 25 a 44 años;2019;1.043
Castilla - La Mancha;De 25 a 44 años;2018;1.007
Castilla - La Mancha;De 25 a 44 años;2017;946
Castilla - La Mancha;De 25 a 44 años;2016;937
Castilla - La Mancha;De 25 a 44 años;2015;966
Castilla - La Mancha;De 25 a 44 años;2014;952
Castilla - La Mancha;De 25 a 44 años;2013;953
Castilla - La Mancha;De 25 a 44 años;2012;1.003
Castilla - La Mancha;De 25 a 44 años;2011;1.113
Castilla - La Mancha;De 45 a 64 años;2023;548
Castilla - La Mancha;De 45 a 64 años;2022;504
Castilla - La Mancha;De 45 a 64 años;2021;474
Castilla - La Mancha;De 45 a 64 años;2020;389
Castilla - La Mancha;De 45 a 64 años;2019;398
Castilla - La Mancha;De 45 a 64 años;2018;442
Castilla - La Mancha;De 45 a 64 años;2017;365
Castilla - La Mancha;De 45 a 64 años;2016;386
Castilla - La Mancha;De 45 a 64 años;2015;405
Castilla - La Mancha;De 45 a 64 años;2014;368
Castilla - La Mancha;De 45 a 64 años;2013;339
Castilla - La Mancha;De 45 a 64 años;2012;375
Castilla - La Mancha;De 45 a 64 años;2011;403
Castilla - La Mancha;65 y más años;2023;60
Castilla - La Mancha;65 y más años;2022;62
Castilla - La Mancha;65 y más años;2021;60
Castilla - La Mancha;65 y más años;2020;35
Castilla - La Mancha;65 y más años;2019;60
Castilla - La Mancha;65 y más años;2018;51
Castilla - La Mancha;65 y más años;2017;42
Castilla - La Mancha;65 y más años;2016;36
Castilla - La Mancha;65 y más años;2015;47
Castilla - La Mancha;65 y más años;2014;43
Castilla - La Mancha;65 y más años;2013;38
Castilla - La Mancha;65 y más años;2012;43
Castilla - La Mancha;65 y más años;2011;39
Cataluña;Todas las edades;2023;3.030
Cataluña;Todas las edades;2022;2.939
Cataluña;Todas las edades;2021;2.765
Cataluña;Todas las edades;2020;2.835
Cataluña;Todas las edades;2019;3.248
Cataluña;Todas las edades;2018;3.160
Cataluña;Todas las edades;2017;2.766
Cataluña;Todas las edades;2016;2.518
Cataluña;Todas las edades;2015;2.580
Cataluña;Todas las edades;2014;2.289
Cataluña;Todas las edades;2013;2.446
Cataluña;Todas las edades;2012;3.017
Cataluña;Todas las edades;2011;3.549
Cataluña;Menos de 18 años;2023;15
Cataluña;Menos de 18 años;2022;14
Cataluña;Menos de 18 años;2021;15
Cataluña;Menos de 18 años;2020;9
Cataluña;Menos de 18 años;2019;12
Cataluña;Menos de 18 años;2018;15
Cataluña;Menos de 18 años;2017;19
Cataluña;Menos de 18 años;2016;16
Cataluña;Menos de 18 años;2015;11
Cataluña;Menos de 18 años;2014;18
Cataluña;Menos de 18 años;2013;16
Cataluña;Menos de 18 años;2012;13
Cataluña;Menos de 18 años;2011;8
Cataluña;De 18 a 24 años;2023;289
Cataluña;De 18 a 24 años;2022;271
Cataluña;De 18 a 24 años;2021;286
Cataluña;De 18 a 24 años;2020;256
Cataluña;De 18 a 24 años;2019;328
Cataluña;De 18 a 24 años;2018;307
Cataluña;De 18 a 24 años;2017;293
Cataluña;De 18 a 24 años;2016;238
Cataluña;De 18 a 24 años;2015;262
Cataluña;De 18 a 24 años;2014;257
Cataluña;De 18 a 24 años;2013;230
Cataluña;De 18 a 24 años;2012;305
Cataluña;De 18 a 24 años;2011;338
Cataluña;De 25 a 44 años;2023;1.875
Cataluña;De 25 a 44 años;2022;1.836
Cataluña;De 25 a 44 años;2021;1.713
Cataluña;De 25 a 44 años;2020;1.768
Cataluña;De 25 a 44 años;2019;2.063
Cataluña;De 25 a 44 años;2018;2.005
Cataluña;De 25 a 44 años;2017;1.724
Cataluña;De 25 a 44 años;2016;1.599
Cataluña;De 25 a 44 años;2015;1.646
Cataluña;De 25 a 44 años;2014;1.420
Cataluña;De 25 a 44 años;2013;1.588
Cataluña;De 25 a 44 años;2012;1.962
Cataluña;De 25 a 44 años;2011;2.364
Cataluña;De 45 a 64 años;2023;787
Cataluña;De 45 a 64 años;2022;748
Cataluña;De 45 a 64 años;2021;680
Cataluña;De 45 a 64 años;2020;720
Cataluña;De 45 a 64 años;2019;768
Cataluña;De 45 a 64 años;2018;763
Cataluña;De 45 a 64 años;2017;658
Cataluña;De 45 a 64 años;2016;600
Cataluña;De 45 a 64 años;2015;585
Cataluña;De 45 a 64 años;2014;530
Cataluña;De 45 a 64 años;2013;536
Cataluña;De 45 a 64 años;2012;649
Cataluña;De 45 a 64 años;2011;762
Cataluña;65 y más años;2023;64
Cataluña;65 y más años;2022;70
Cataluña;65 y más años;2021;71
Cataluña;65 y más años;2020;82
Cataluña;65 y más años;2019;77
Cataluña;65 y más años;2018;70
Cataluña;65 y más años;2017;72
Cataluña;65 y más años;2016;65
Cataluña;65 y más años;2015;76
Cataluña;65 y más años;2014;64
Cataluña;65 y más años;2013;76
Cataluña;65 y más años;2012;88
Cataluña;65 y más años;2011;77
Comunitat Valenciana;Todas las edades;2023;5.228
Comunitat Valenciana;Todas las edades;2022;5.103
Comunitat Valenciana;Todas las edades;2021;4.523
Comunitat Valenciana;Todas las edades;2020;4.466
Comunitat Valenciana;Todas las edades;2019;4.884
Comunitat Valenciana;Todas las edades;2018;4.794
Comunitat Valenciana;Todas las edades;2017;4.196
Comunitat Valenciana;Todas las edades;2016;4.042
Comunitat Valenciana;Todas las edades;2015;4.147
Comunitat Valenciana;Todas las edades;2014;3.934
Comunitat Valenciana;Todas las edades;2013;3.850
Comunitat Valenciana;Todas las edades;2012;4.186
Comunitat Valenciana;Todas las edades;2011;4.433
Comunitat Valenciana;Menos de 18 años;2023;12
Comunitat Valenciana;Menos de 18 años;2022;16
Comunitat Valenciana;Menos de 18 años;2021;29
Comunitat Valenciana;Menos de 18 años;2020;10
Comunitat Valenciana;Menos de 18 años;2019;17
Comunitat Valenciana;Menos de 18 años;2018;21
Comunitat Valenciana;Menos de 18 años;2017;23
Comunitat Valenciana;Menos de 18 años;2016;23
Comunitat Valenciana;Menos de 18 años;2015;32
Comunitat Valenciana;Menos de 18 años;2014;23
Comunitat Valenciana;Menos de 18 años;2013;22
Comunitat Valenciana;Menos de 18 años;2012;22
Comunitat Valenciana;Menos de 18 años;2011;19
Comunitat Valenciana;De 18 a 24 años;2023;484
Comunitat Valenciana;De 18 a 24 años;2022;486
Comunitat Valenciana;De 18 a 24 años;2021;416
Comunitat Valenciana;De 18 a 24 años;2020;415
Comunitat Valenciana;De 18 a 24 años;2019;492
Comunitat Valenciana;De 18 a 24 años;2018;482
Comunitat Valenciana;De 18 a 24 años;2017;431
Comunitat Valenciana;De 18 a 24 años;2016;414
Comunitat Valenciana;De 18 a 24 años;2015;384
Comunitat Valenciana;De 18 a 24 años;2014;412
Comunitat Valenciana;De 18 a 24 años;2013;370
Comunitat Valenciana;De 18 a 24 años;2012;400
Comunitat Valenciana;De 18 a 24 años;2011;423
Comunitat Valenciana;De 25 a 44 años;2023;3.110
Comunitat Valenciana;De 25 a 44 años;2022;3.062
Comunitat Valenciana;De 25 a 44 años;2021;2.714
Comunitat Valenciana;De 25 a 44 años;2020;2.665
Comunitat Valenciana;De 25 a 44 años;2019;2.982
Comunitat Valenciana;De 25 a 44 años;2018;2.860
Comunitat Valenciana;De 25 a 44 años;2017;2.521
Comunitat Valenciana;De 25 a 44 años;2016;2.468
Comunitat Valenciana;De 25 a 44 años;2015;2.549
Comunitat Valenciana;De 25 a 44 años;2014;2.458
Comunitat Valenciana;De 25 a 44 años;2013;2.434
Comunitat Valenciana;De 25 a 44 años;2012;2.711
Comunitat Valenciana;De 25 a 44 años;2011;2.894
Comunitat Valenciana;De 45 a 64 años;2023;1.466
Comunitat Valenciana;De 45 a 64 años;2022;1.382
Comunitat Valenciana;De 45 a 64 años;2021;1.242
Comunitat Valenciana;De 45 a 64 años;2020;1.231
Comunitat Valenciana;De 45 a 64 años;2019;1.255
Comunitat Valenciana;De 45 a 64 años;2018;1.268
Comunitat Valenciana;De 45 a 64 años;2017;1.074
Comunitat Valenciana;De 45 a 64 años;2016;992
Comunitat Valenciana;De 45 a 64 años;2015;1.045
Comunitat Valenciana;De 45 a 64 años;2014;930
Comunitat Valenciana;De 45 a 64 años;2013;921
Comunitat Valenciana;De 45 a 64 años;2012;937
Comunitat Valenciana;De 45 a 64 años;2011;976
Comunitat Valenciana;65 y más años;2023;156
Comunitat Valenciana;65 y más años;2022;157
Comunitat Valenciana;65 y más años;2021;122
Comunitat Valenciana;65 y más años;2020;145
Comunitat Valenciana;65 y más años;2019;138
Comunitat Valenciana;65 y más años;2018;163
Comunitat Valenciana;65 y más años;2017;147
Comunitat Valenciana;65 y más años;2016;145
Comunitat Valenciana;65 y más años;2015;137
Comunitat Valenciana;65 y más años;2014;111
Comunitat Valenciana;65 y más años;2013;103
Comunitat Valenciana;65 y más años;2012;116
Comunitat Valenciana;65 y más años;2011;121
Extremadura;Todas las edades;2023;1.063
Extremadura;Todas las edades;2022;868
Extremadura;Todas las edades;2021;690
Extremadura;Todas las edades;2020;638
Extremadura;Todas las edades;2019;728
Extremadura;Todas las edades;2018;707
Extremadura;Todas las edades;2017;721
Extremadura;Todas las edades;2016;745
Extremadura;Todas las edades;2015;703
Extremadura;Todas las edades;2014;724
Extremadura;Todas las edades;2013;756
Extremadura;Todas las edades;2012;748
Extremadura;Todas las edades;2011;777
Extremadura;Menos de 18 años;2023;3
Extremadura;Menos de 18 años;2022;3
Extremadura;Menos de 18 años;2021;0
Extremadura;Menos de 18 años;2020;2
Extremadura;Menos de 18 años;2019;2
Extremadura;Menos de 18 años;2018;0
Extremadura;Menos de 18 años;2017;0
Extremadura;Menos de 18 años;2016;0
Extremadura;Menos de 18 años;2015;0
Extremadura;Menos de 18 años;2014;0
Extremadura;Menos de 18 años;2013;0
Extremadura;Menos de 18 años;2012;0
Extremadura;Menos de 18 años;2011;1
Extremadura;De 18 a 24 años;2023;87
Extremadura;De 18 a 24 años;2022;63
Extremadura;De 18 a 24 años;2021;70
Extremadura;De 18 a 24 años;2020;52
Extremadura;De 18 a 24 años;2019;74
Extremadura;De 18 a 24 años;2018;84
Extremadura;De 18 a 24 años;2017;76
Extremadura;De 18 a 24 años;2016;76
Extremadura;De 18 a 24 años;2015;67
Extremadura;De 18 a 24 años;2014;74
Extremadura;De 18 a 24 años;2013;84
Extremadura;De 18 a 24 años;2012;90
Extremadura;De 18 a 24 años;2011;81
Extremadura;De 25 a 44 años;2023;620
Extremadura;De 25 a 44 años;2022;530
Extremadura;De 25 a 44 años;2021;407
Extremadura;De 25 a 44 años;2020;387
Extremadura;De 25 a 44 años;2019;403
Extremadura;De 25 a 44 años;2018;428
Extremadura;De 25 a 44 años;2017;399
Extremadura;De 25 a 44 años;2016;409
Extremadura;De 25 a 44 años;2015;398
Extremadura;De 25 a 44 años;2014;422
Extremadura;De 25 a 44 años;2013;431
Extremadura;De 25 a 44 años;2012;426
Extremadura;De 25 a 44 años;2011;477
Extremadura;De 45 a 64 años;2023;306
Extremadura;De 45 a 64 años;2022;240
Extremadura;De 45 a 64 años;2021;189
Extremadura;De 45 a 64 años;2020;172
Extremadura;De 45 a 64 años;2019;228
Extremadura;De 45 a 64 años;2018;177
Extremadura;De 45 a 64 años;2017;212
Extremadura;De 45 a 64 años;2016;237
Extremadura;De 45 a 64 años;2015;210
Extremadura;De 45 a 64 años;2014;208
Extremadura;De 45 a 64 años;2013;219
Extremadura;De 45 a 64 años;2012;206
Extremadura;De 45 a 64 años;2011;186
Extremadura;65 y más años;2023;47
Extremadura;65 y más años;2022;32
Extremadura;65 y más años;2021;24
Extremadura;65 y más años;2020;25
Extremadura;65 y más años;2019;21
Extremadura;65 y más años;2018;18
Extremadura;65 y más años;2017;34
Extremadura;65 y más años;2016;23
Extremadura;65 y más años;2015;28
Extremadura;65 y más años;2014;20
Extremadura;65 y más años;2013;22
Extremadura;65 y más años;2012;26
Extremadura;65 y más años;2011;32
Galicia;Todas las edades;2023;1.460
Galicia;Todas las edades;2022;1.349
Galicia;Todas las edades;2021;1.206
Galicia;Todas las edades;2020;1.178
Galicia;Todas las edades;2019;1.341
Galicia;Todas las edades;2018;1.298
Galicia;Todas las edades;2017;1.251
Galicia;Todas las edades;2016;1.283
Galicia;Todas las edades;2015;1.190
Galicia;Todas las edades;2014;1.214
Galicia;Todas las edades;2013;1.255
Galicia;Todas las edades;2012;1.291
Galicia;Todas las edades;2011;1.370
Galicia;Menos de 18 años;2023;6
Galicia;Menos de 18 años;2022;4
Galicia;Menos de 18 años;2021;4
Galicia;Menos de 18 años;2020;0
Galicia;Menos de 18 años;2019;4
Galicia;Menos de 18 años;2018;3
Galicia;Menos de 18 años;2017;2
Galicia;Menos de 18 años;2016;2
Galicia;Menos de 18 años;2015;3
Galicia;Menos de 18 años;2014;3
Galicia;Menos de 18 años;2013;6
Galicia;Menos de 18 años;2012;0
Galicia;Menos de 18 años;2011;1
Galicia;De 18 a 24 años;2023;108
Galicia;De 18 a 24 años;2022;91
Galicia;De 18 a 24 años;2021;92
Galicia;De 18 a 24 años;2020;95
Galicia;De 18 a 24 años;2019;119
Galicia;De 18 a 24 años;2018;133
Galicia;De 18 a 24 años;2017;111
Galicia;De 18 a 24 años;2016;134
Galicia;De 18 a 24 años;2015;113
Galicia;De 18 a 24 años;2014;108
Galicia;De 18 a 24 años;2013;103
Galicia;De 18 a 24 años;2012;107
Galicia;De 18 a 24 años;2011;126
Galicia;De 25 a 44 años;2023;823
Galicia;De 25 a 44 años;2022;758
Galicia;De 25 a 44 años;2021;677
Galicia;De 25 a 44 años;2020;667
Galicia;De 25 a 44 años;2019;769
Galicia;De 25 a 44 años;2018;704
Galicia;De 25 a 44 años;2017;713
Galicia;De 25 a 44 años;2016;705
Galicia;De 25 a 44 años;2015;639
Galicia;De 25 a 44 años;2014;656
Galicia;De 25 a 44 años;2013;688
Galicia;De 25 a 44 años;2012;735
Galicia;De 25 a 44 años;2011;797
Galicia;De 45 a 64 años;2023;442
Galicia;De 45 a 64 años;2022;423
Galicia;De 45 a 64 años;2021;373
Galicia;De 45 a 64 años;2020;351
Galicia;De 45 a 64 años;2019;380
Galicia;De 45 a 64 años;2018;385
Galicia;De 45 a 64 años;2017;363
Galicia;De 45 a 64 años;2016;372
Galicia;De 45 a 64 años;2015;360
Galicia;De 45 a 64 años;2014;382
Galicia;De 45 a 64 años;2013;388
Galicia;De 45 a 64 años;2012;378
Galicia;De 45 a 64 años;2011;389
Galicia;65 y más años;2023;81
Galicia;65 y más años;2022;73
Galicia;65 y más años;2021;60
Galicia;65 y más años;2020;65
Galicia;65 y más años;2019;69
Galicia;65 y más años;2018;73
Galicia;65 y más años;2017;62
Galicia;65 y más años;2016;70
Galicia;65 y más años;2015;75
Galicia;65 y más años;2014;65
Galicia;65 y más años;2013;70
Galicia;65 y más años;2012;71
Galicia;65 y más años;2011;57
Madrid, Comunidad de;Todas las edades;2023;3.365
Madrid, Comunidad de;Todas las edades;2022;3.106
Madrid, Comunidad de;Todas las edades;2021;3.337
Madrid, Comunidad de;Todas las edades;2020;3.147
Madrid, Comunidad de;Todas las edades;2019;3.611
Madrid, Comunidad de;Todas las edades;2018;3.656
Madrid, Comunidad de;Todas las edades;2017;3.565
Madrid, Comunidad de;Todas las edades;2016;3.178
Madrid, Comunidad de;Todas las edades;2015;2.863
Madrid, Comunidad de;Todas las edades;2014;2.952
Madrid, Comunidad de;Todas las edades;2013;3.027
Madrid, Comunidad de;Todas las edades;2012;3.415
Madrid, Comunidad de;Todas las edades;2011;4.072
Madrid, Comunidad de;Menos de 18 años;2023;3
Madrid, Comunidad de;Menos de 18 años;2022;8
Madrid, Comunidad de;Menos de 18 años;2021;7
Madrid, Comunidad de;Menos de 18 años;2020;6
Madrid, Comunidad de;Menos de 18 años;2019;7
Madrid, Comunidad de;Menos de 18 años;2018;9
Madrid, Comunidad de;Menos de 18 años;2017;9
Madrid, Comunidad de;Menos de 18 años;2016;8
Madrid, Comunidad de;Menos de 18 años;2015;11
Madrid, Comunidad de;Menos de 18 años;2014;9
Madrid, Comunidad de;Menos de 18 años;2013;4
Madrid, Comunidad de;Menos de 18 años;2012;2
Madrid, Comunidad de;Menos de 18 años;2011;1
Madrid, Comunidad de;De 18 a 24 años;2023;354
Madrid, Comunidad de;De 18 a 24 años;2022;342
Madrid, Comunidad de;De 18 a 24 años;2021;383
Madrid, Comunidad de;De 18 a 24 años;2020;339
Madrid, Comunidad de;De 18 a 24 años;2019;392
Madrid, Comunidad de;De 18 a 24 años;2018;410
Madrid, Comunidad de;De 18 a 24 años;2017;440
Madrid, Comunidad de;De 18 a 24 años;2016;342
Madrid, Comunidad de;De 18 a 24 años;2015;322
Madrid, Comunidad de;De 18 a 24 años;2014;293
Madrid, Comunidad de;De 18 a 24 años;2013;317
Madrid, Comunidad de;De 18 a 24 años;2012;372
Madrid, Comunidad de;De 18 a 24 años;2011;425
Madrid, Comunidad de;De 25 a 44 años;2023;2.058
Madrid, Comunidad de;De 25 a 44 años;2022;1.920
Madrid, Comunidad de;De 25 a 44 años;2021;2.038
Madrid, Comunidad de;De 25 a 44 años;2020;1.930
Madrid, Comunidad de;De 25 a 44 años;2019;2.292
Madrid, Comunidad de;De 25 a 44 años;2018;2.260
Madrid, Comunidad de;De 25 a 44 años;2017;2.186
Madrid, Comunidad de;De 25 a 44 años;2016;1.958
Madrid, Comunidad de;De 25 a 44 años;2015;1.734
Madrid, Comunidad de;De 25 a 44 años;2014;1.905
Madrid, Comunidad de;De 25 a 44 años;2013;1.980
Madrid, Comunidad de;De 25 a 44 años;2012;2.283
Madrid, Comunidad de;De 25 a 44 años;2011;2.720
Madrid, Comunidad de;De 45 a 64 años;2023;860
Madrid, Comunidad de;De 45 a 64 años;2022;763
Madrid, Comunidad de;De 45 a 64 años;2021;825
Madrid, Comunidad de;De 45 a 64 años;2020;781
Madrid, Comunidad de;De 45 a 64 años;2019;825
Madrid, Comunidad de;De 45 a 64 años;2018;890
Madrid, Comunidad de;De 45 a 64 años;2017;847
Madrid, Comunidad de;De 45 a 64 años;2016;770
Madrid, Comunidad de;De 45 a 64 años;2015;707
Madrid, Comunidad de;De 45 a 64 años;2014;657
Madrid, Comunidad de;De 45 a 64 años;2013;646
Madrid, Comunidad de;De 45 a 64 años;2012;673
Madrid, Comunidad de;De 45 a 64 años;2011;831
Madrid, Comunidad de;65 y más años;2023;90
Madrid, Comunidad de;65 y más años;2022;73
Madrid, Comunidad de;65 y más años;2021;84
Madrid, Comunidad de;65 y más años;2020;91
Madrid, Comunidad de;65 y más años;2019;95
Madrid, Comunidad de;65 y más años;2018;87
Madrid, Comunidad de;65 y más años;2017;83
Madrid, Comunidad de;65 y más años;2016;100
Madrid, Comunidad de;65 y más años;2015;89
Madrid, Comunidad de;65 y más años;2014;88
Madrid, Comunidad de;65 y más años;2013;80
Madrid, Comunidad de;65 y más años;2012;85
Madrid, Comunidad de;65 y más años;2011;95
Murcia, Región de;Todas las edades;2023;1.735
Murcia, Región de;Todas las edades;2022;1.482
Murcia, Región de;Todas las edades;2021;1.498
Murcia, Región de;Todas las edades;2020;1.334
Murcia, Región de;Todas las edades;2019;1.409
Murcia, Región de;Todas las edades;2018;1.360
Murcia, Región de;Todas las edades;2017;1.149
Murcia, Región de;Todas las edades;2016;1.164
Murcia, Región de;Todas las edades;2015;1.138
Murcia, Región de;Todas las edades;2014;1.104
Murcia, Región de;Todas las edades;2013;1.122
Murcia, Región de;Todas las edades;2012;1.183
Murcia, Región de;Todas las edades;2011;1.294
Murcia, Región de;Menos de 18 años;2023;12
Murcia, Región de;Menos de 18 años;2022;10
Murcia, Región de;Menos de 18 años;2021;19
Murcia, Región de;Menos de 18 años;2020;9
Murcia, Región de;Menos de 18 años;2019;22
Murcia, Región de;Menos de 18 años;2018;7
Murcia, Región de;Menos de 18 años;2017;10
Murcia, Región de;Menos de 18 años;2016;10
Murcia, Región de;Menos de 18 años;2015;6
Murcia, Región de;Menos de 18 años;2014;4
Murcia, Región de;Menos de 18 años;2013;1
Murcia, Región de;Menos de 18 años;2012;7
Murcia, Región de;Menos de 18 años;2011;4
Murcia, Región de;De 18 a 24 años;2023;195
Murcia, Región de;De 18 a 24 años;2022;141
Murcia, Región de;De 18 a 24 años;2021;142
Murcia, Región de;De 18 a 24 años;2020;134
Murcia, Región de;De 18 a 24 años;2019;161
Murcia, Región de;De 18 a 24 años;2018;167
Murcia, Región de;De 18 a 24 años;2017;120
Murcia, Región de;De 18 a 24 años;2016;124
Murcia, Región de;De 18 a 24 años;2015;110
Murcia, Región de;De 18 a 24 años;2014;130
Murcia, Región de;De 18 a 24 años;2013;114
Murcia, Región de;De 18 a 24 años;2012;125
Murcia, Región de;De 18 a 24 años;2011;131
Murcia, Región de;De 25 a 44 años;2023;1.060
Murcia, Región de;De 25 a 44 años;2022;953
Murcia, Región de;De 25 a 44 años;2021;924
Murcia, Región de;De 25 a 44 años;2020;830
Murcia, Región de;De 25 a 44 años;2019;892
Murcia, Región de;De 25 a 44 años;2018;833
Murcia, Región de;De 25 a 44 años;2017;698
Murcia, Región de;De 25 a 44 años;2016;729
Murcia, Región de;De 25 a 44 años;2015;721
Murcia, Región de;De 25 a 44 años;2014;715
Murcia, Región de;De 25 a 44 años;2013;751
Murcia, Región de;De 25 a 44 años;2012;790
Murcia, Región de;De 25 a 44 años;2011;876
Murcia, Región de;De 45 a 64 años;2023;422
Murcia, Región de;De 45 a 64 años;2022;338
Murcia, Región de;De 45 a 64 años;2021;377
Murcia, Región de;De 45 a 64 años;2020;319
Murcia, Región de;De 45 a 64 años;2019;295
Murcia, Región de;De 45 a 64 años;2018;320
Murcia, Región de;De 45 a 64 años;2017;288
Murcia, Región de;De 45 a 64 años;2016;262
Murcia, Región de;De 45 a 64 años;2015;279
Murcia, Región de;De 45 a 64 años;2014;221
Murcia, Región de;De 45 a 64 años;2013;228
Murcia, Región de;De 45 a 64 años;2012;249
Murcia, Región de;De 45 a 64 años;2011;258
Murcia, Región de;65 y más años;2023;46
Murcia, Región de;65 y más años;2022;40
Murcia, Región de;65 y más años;2021;36
Murcia, Región de;65 y más años;2020;42
Murcia, Región de;65 y más años;2019;39
Murcia, Región de;65 y más años;2018;33
Murcia, Región de;65 y más años;2017;33
Murcia, Región de;65 y más años;2016;39
Murcia, Región de;65 y más años;2015;22
Murcia, Región de;65 y más años;2014;34
Murcia, Región de;65 y más años;2013;28
Murcia, Región de;65 y más años;2012;12
Murcia, Región de;65 y más años;2011;25
Navarra, Comunidad Foral de;Todas las edades;2023;398
Navarra, Comunidad Foral de;Todas las edades;2022;339
Navarra, Comunidad Foral de;Todas las edades;2021;297
Navarra, Comunidad Foral de;Todas las edades;2020;290
Navarra, Comunidad Foral de;Todas las edades;2019;330
Navarra, Comunidad Foral de;Todas las edades;2018;310
Navarra, Comunidad Foral de;Todas las edades;2017;298
Navarra, Comunidad Foral de;Todas las edades;2016;379
Navarra, Comunidad Foral de;Todas las edades;2015;344
Navarra, Comunidad Foral de;Todas las edades;2014;316
Navarra, Comunidad Foral de;Todas las edades;2013;316
Navarra, Comunidad Foral de;Todas las edades;2012;306
Navarra, Comunidad Foral de;Todas las edades;2011;363
Navarra, Comunidad Foral de;Menos de 18 años;2023;0
Navarra, Comunidad Foral de;Menos de 18 años;2022;0
Navarra, Comunidad Foral de;Menos de 18 años;2021;0
Navarra, Comunidad Foral de;Menos de 18 años;2020;0
Navarra, Comunidad Foral de;Menos de 18 años;2019;3
Navarra, Comunidad Foral de;Menos de 18 años;2018;0
Navarra, Comunidad Foral de;Menos de 18 años;2017;0
Navarra, Comunidad Foral de;Menos de 18 años;2016;0
Navarra, Comunidad Foral de;Menos de 18 años;2015;0
Navarra, Comunidad Foral de;Menos de 18 años;2014;0
Navarra, Comunidad Foral de;Menos de 18 años;2013;0
Navarra, Comunidad Foral de;Menos de 18 años;2012;0
Navarra, Comunidad Foral de;Menos de 18 años;2011;0
Navarra, Comunidad Foral de;De 18 a 24 años;2023;42
Navarra, Comunidad Foral de;De 18 a 24 años;2022;32
Navarra, Comunidad Foral de;De 18 a 24 años;2021;32
Navarra, Comunidad Foral de;De 18 a 24 años;2020;36
Navarra, Comunidad Foral de;De 18 a 24 años;2019;41
Navarra, Comunidad Foral de;De 18 a 24 años;2018;29
Navarra, Comunidad Foral de;De 18 a 24 años;2017;39
Navarra, Comunidad Foral de;De 18 a 24 años;2016;51
Navarra, Comunidad Foral de;De 18 a 24 años;2015;40
Navarra, Comunidad Foral de;De 18 a 24 años;2014;40
Navarra, Comunidad Foral de;De 18 a 24 años;2013;27
Navarra, Comunidad Foral de;De 18 a 24 años;2012;30
Navarra, Comunidad Foral de;De 18 a 24 años;2011;37
Navarra, Comunidad Foral de;De 25 a 44 años;2023;244
Navarra, Comunidad Foral de;De 25 a 44 años;2022;210
Navarra, Comunidad Foral de;De 25 a 44 años;2021;189
Navarra, Comunidad Foral de;De 25 a 44 años;2020;176
Navarra, Comunidad Foral de;De 25 a 44 años;2019;205
Navarra, Comunidad Foral de;De 25 a 44 años;2018;198
Navarra, Comunidad Foral de;De 25 a 44 años;2017;174
Navarra, Comunidad Foral de;De 25 a 44 años;2016;214
Navarra, Comunidad Foral de;De 25 a 44 años;2015;208
Navarra, Comunidad Foral de;De 25 a 44 años;2014;207
Navarra, Comunidad Foral de;De 25 a 44 años;2013;211
Navarra, Comunidad Foral de;De 25 a 44 años;2012;210
Navarra, Comunidad Foral de;De 25 a 44 años;2011;259
Navarra, Comunidad Foral de;De 45 a 64 años;2023;100
Navarra, Comunidad Foral de;De 45 a 64 años;2022;92
Navarra, Comunidad Foral de;De 45 a 64 años;2021;65
Navarra, Comunidad Foral de;De 45 a 64 años;2020;67
Navarra, Comunidad Foral de;De 45 a 64 años;2019;74
Navarra, Comunidad Foral de;De 45 a 64 años;2018;78
Navarra, Comunidad Foral de;De 45 a 64 años;2017;75
Navarra, Comunidad Foral de;De 45 a 64 años;2016;110
Navarra, Comunidad Foral de;De 45 a 64 años;2015;93
Navarra, Comunidad Foral de;De 45 a 64 años;2014;62
Navarra, Comunidad Foral de;De 45 a 64 años;2013;75
Navarra, Comunidad Foral de;De 45 a 64 años;2012;56
Navarra, Comunidad Foral de;De 45 a 64 años;2011;58
Navarra, Comunidad Foral de;65 y más años;2023;12
Navarra, Comunidad Foral de;65 y más años;2022;5
Navarra, Comunidad Foral de;65 y más años;2021;11
Navarra, Comunidad Foral de;65 y más años;2020;11
Navarra, Comunidad Foral de;65 y más años;2019;7
Navarra, Comunidad Foral de;65 y más años;2018;5
Navarra, Comunidad Foral de;65 y más años;2017;10
Navarra, Comunidad Foral de;65 y más años;2016;4
Navarra, Comunidad Foral de;65 y más años;2015;3
Navarra, Comunidad Foral de;65 y más años;2014;7
Navarra, Comunidad Foral de;65 y más años;2013;3
Navarra, Comunidad Foral de;65 y más años;2012;10
Navarra, Comunidad Foral de;65 y más años;2011;9
País Vasco;Todas las edades;2023;750
País Vasco;Todas las edades;2022;780
País Vasco;Todas las edades;2021;610
País Vasco;Todas las edades;2020;558
País Vasco;Todas las edades;2019;717
País Vasco;Todas las edades;2018;746
País Vasco;Todas las edades;2017;674
País Vasco;Todas las edades;2016;638
País Vasco;Todas las edades;2015;543
País Vasco;Todas las edades;2014;580
País Vasco;Todas las edades;2013;609
País Vasco;Todas las edades;2012;674
País Vasco;Todas las edades;2011;669
País Vasco;Menos de 18 años;2023;0
País Vasco;Menos de 18 años;2022;2
País Vasco;Menos de 18 años;2021;2
País Vasco;Menos de 18 años;2020;2
País Vasco;Menos de 18 años;2019;1
País Vasco;Menos de 18 años;2018;3
País Vasco;Menos de 18 años;2017;7
País Vasco;Menos de 18 años;2016;5
País Vasco;Menos de 18 años;2015;2
País Vasco;Menos de 18 años;2014;1
País Vasco;Menos de 18 años;2013;0
País Vasco;Menos de 18 años;2012;3
País Vasco;Menos de 18 años;2011;3
País Vasco;De 18 a 24 años;2023;88
País Vasco;De 18 a 24 años;2022;88
País Vasco;De 18 a 24 años;2021;65
País Vasco;De 18 a 24 años;2020;70
País Vasco;De 18 a 24 años;2019;67
País Vasco;De 18 a 24 años;2018;103
País Vasco;De 18 a 24 años;2017;73
País Vasco;De 18 a 24 años;2016;66
País Vasco;De 18 a 24 años;2015;51
País Vasco;De 18 a 24 años;2014;63
País Vasco;De 18 a 24 años;2013;68
País Vasco;De 18 a 24 años;2012;58
País Vasco;De 18 a 24 años;2011;69
País Vasco;De 25 a 44 años;2023;451
País Vasco;De 25 a 44 años;2022;471
País Vasco;De 25 a 44 años;2021;382
País Vasco;De 25 a 44 años;2020;341
País Vasco;De 25 a 44 años;2019;456
País Vasco;De 25 a 44 años;2018;491
País Vasco;De 25 a 44 años;2017;429
País Vasco;De 25 a 44 años;2016;417
País Vasco;De 25 a 44 años;2015;345
País Vasco;De 25 a 44 años;2014;377
País Vasco;De 25 a 44 años;2013;372
País Vasco;De 25 a 44 años;2012;447
País Vasco;De 25 a 44 años;2011;427
País Vasco;De 45 a 64 años;2023;189
País Vasco;De 45 a 64 años;2022;191
País Vasco;De 45 a 64 años;2021;146
País Vasco;De 45 a 64 años;2020;134
País Vasco;De 45 a 64 años;2019;172
País Vasco;De 45 a 64 años;2018;134
País Vasco;De 45 a 64 años;2017;154
País Vasco;De 45 a 64 años;2016;134
País Vasco;De 45 a 64 años;2015;128
País Vasco;De 45 a 64 años;2014;119
País Vasco;De 45 a 64 años;2013;136
País Vasco;De 45 a 64 años;2012;146
País Vasco;De 45 a 64 años;2011;144
País Vasco;65 y más años;2023;22
País Vasco;65 y más años;2022;28
País Vasco;65 y más años;2021;15
País Vasco;65 y más años;2020;11
País Vasco;65 y más años;2019;21
País Vasco;65 y más años;2018;15
País Vasco;65 y más años;2017;11
País Vasco;65 y más años;2016;16
País Vasco;65 y más años;2015;17
País Vasco;65 y más años;2014;20
País Vasco;65 y más años;2013;33
País Vasco;65 y más años;2012;20
País Vasco;65 y más años;2011;26
Rioja, La;Todas las edades;2023;452
Rioja, La;Todas las edades;2022;375
Rioja, La;Todas las edades;2021;356
Rioja, La;Todas las edades;2020;286
Rioja, La;Todas las edades;2019;294
Rioja, La;Todas las edades;2018;326
Rioja, La;Todas las edades;2017;225
Rioja, La;Todas las edades;2016;223
Rioja, La;Todas las edades;2015;198
Rioja, La;Todas las edades;2014;196
Rioja, La;Todas las edades;2013;166
Rioja, La;Todas las edades;2012;195
Rioja, La;Todas las edades;2011;189
Rioja, La;Menos de 18 años;2023;4
Rioja, La;Menos de 18 años;2022;3
Rioja, La;Menos de 18 años;2021;1
Rioja, La;Menos de 18 años;2020;2
Rioja, La;Menos de 18 años;2019;0
Rioja, La;Menos de 18 años;2018;4
Rioja, La;Menos de 18 años;2017;3
Rioja, La;Menos de 18 años;2016;3
Rioja, La;Menos de 18 años;2015;0
Rioja, La;Menos de 18 años;2014;0
Rioja, La;Menos de 18 años;2013;0
Rioja, La;Menos de 18 años;2012;2
Rioja, La;Menos de 18 años;2011;1
Rioja, La;De 18 a 24 años;2023;34
Rioja, La;De 18 a 24 años;2022;30
Rioja, La;De 18 a 24 años;2021;46
Rioja, La;De 18 a 24 años;2020;34
Rioja, La;De 18 a 24 años;2019;42
Rioja, La;De 18 a 24 años;2018;39
Rioja, La;De 18 a 24 años;2017;30
Rioja, La;De 18 a 24 años;2016;28
Rioja, La;De 18 a 24 años;2015;25
Rioja, La;De 18 a 24 años;2014;13
Rioja, La;De 18 a 24 años;2013;20
Rioja, La;De 18 a 24 años;2012;15
Rioja, La;De 18 a 24 años;2011;30
Rioja, La;De 25 a 44 años;2023;272
Rioja, La;De 25 a 44 años;2022;219
Rioja, La;De 25 a 44 años;2021;203
Rioja, La;De 25 a 44 años;2020;173
Rioja, La;De 25 a 44 años;2019;178
Rioja, La;De 25 a 44 años;2018;200
Rioja, La;De 25 a 44 años;2017;144
Rioja, La;De 25 a 44 años;2016;131
Rioja, La;De 25 a 44 años;2015;129
Rioja, La;De 25 a 44 años;2014;149
Rioja, La;De 25 a 44 años;2013;108
Rioja, La;De 25 a 44 años;2012;134
Rioja, La;De 25 a 44 años;2011;119
Rioja, La;De 45 a 64 años;2023;128
Rioja, La;De 45 a 64 años;2022;112
Rioja, La;De 45 a 64 años;2021;97
Rioja, La;De 45 a 64 años;2020;74
Rioja, La;De 45 a 64 años;2019;68
Rioja, La;De 45 a 64 años;2018;78
Rioja, La;De 45 a 64 años;2017;44
Rioja, La;De 45 a 64 años;2016;51
Rioja, La;De 45 a 64 años;2015;41
Rioja, La;De 45 a 64 años;2014;31
Rioja, La;De 45 a 64 años;2013;38
Rioja, La;De 45 a 64 años;2012;39
Rioja, La;De 45 a 64 años;2011;37
Rioja, La;65 y más años;2023;14
Rioja, La;65 y más años;2022;11
Rioja, La;65 y más años;2021;9
Rioja, La;65 y más años;2020;3
Rioja, La;65 y más años;2019;6
Rioja, La;65 y más años;2018;5
Rioja, La;65 y más años;2017;4
Rioja, La;65 y más años;2016;10
Rioja, La;65 y más años;2015;3
Rioja, La;65 y más años;2014;3
Rioja, La;65 y más años;2013;0
Rioja, La;65 y más años;2012;5
Rioja, La;65 y más años;2011;2
Ceuta;Todas las edades;2023;96
Ceuta;Todas las edades;2022;72
Ceuta;Todas las edades;2021;77
Ceuta;Todas las edades;2020;61
Ceuta;Todas las edades;2019;61
Ceuta;Todas las edades;2018;65
Ceuta;Todas las edades;2017;74
Ceuta;Todas las edades;2016;91
Ceuta;Todas las edades;2015;60
Ceuta;Todas las edades;2014;50
Ceuta;Todas las edades;2013;58
Ceuta;Todas las edades;2012;44
Ceuta;Todas las edades;2011;54
Ceuta;Menos de 18 años;2023;2
Ceuta;Menos de 18 años;2022;0
Ceuta;Menos de 18 años;2021;0
Ceuta;Menos de 18 años;2020;0
Ceuta;Menos de 18 años;2019;0
Ceuta;Menos de 18 años;2018;0
Ceuta;Menos de 18 años;2017;0
Ceuta;Menos de 18 años;2016;0
Ceuta;Menos de 18 años;2015;0
Ceuta;Menos de 18 años;2014;0
Ceuta;Menos de 18 años;2013;0
Ceuta;Menos de 18 años;2012;1
Ceuta;Menos de 18 años;2011;0
Ceuta;De 18 a 24 años;2023;9
Ceuta;De 18 a 24 años;2022;5
Ceuta;De 18 a 24 años;2021;9
Ceuta;De 18 a 24 años;2020;8
Ceuta;De 18 a 24 años;2019;7
Ceuta;De 18 a 24 años;2018;10
Ceuta;De 18 a 24 años;2017;7
Ceuta;De 18 a 24 años;2016;7
Ceuta;De 18 a 24 años;2015;6
Ceuta;De 18 a 24 años;2014;4
Ceuta;De 18 a 24 años;2013;11
Ceuta;De 18 a 24 años;2012;2
Ceuta;De 18 a 24 años;2011;3
Ceuta;De 25 a 44 años;2023;62
Ceuta;De 25 a 44 años;2022;45
Ceuta;De 25 a 44 años;2021;50
Ceuta;De 25 a 44 años;2020;35
Ceuta;De 25 a 44 años;2019;40
Ceuta;De 25 a 44 años;2018;42
Ceuta;De 25 a 44 años;2017;53
Ceuta;De 25 a 44 años;2016;64
Ceuta;De 25 a 44 años;2015;38
Ceuta;De 25 a 44 años;2014;30
Ceuta;De 25 a 44 años;2013;35
Ceuta;De 25 a 44 años;2012;28
Ceuta;De 25 a 44 años;2011;38
Ceuta;De 45 a 64 años;2023;22
Ceuta;De 45 a 64 años;2022;18
Ceuta;De 45 a 64 años;2021;15
Ceuta;De 45 a 64 años;2020;18
Ceuta;De 45 a 64 años;2019;14
Ceuta;De 45 a 64 años;2018;12
Ceuta;De 45 a 64 años;2017;13
Ceuta;De 45 a 64 años;2016;18
Ceuta;De 45 a 64 años;2015;14
Ceuta;De 45 a 64 años;2014;15
Ceuta;De 45 a 64 años;2013;12
Ceuta;De 45 a 64 años;2012;11
Ceuta;De 45 a 64 años;2011;12
Ceuta;65 y más años;2023;1
Ceuta;65 y más años;2022;4
Ceuta;65 y más años;2021;3
Ceuta;65 y más años;2020;0
Ceuta;65 y más años;2019;0
Ceuta;65 y más años;2018;1
Ceuta;65 y más años;2017;1
Ceuta;65 y más años;2016;2
Ceuta;65 y más años;2015;2
Ceuta;65 y más años;2014;1
Ceuta;65 y más años;2013;0
Ceuta;65 y más años;2012;2
Ceuta;65 y más años;2011;1
Melilla;Todas las edades;2023;197
Melilla;Todas las edades;2022;127
Melilla;Todas las edades;2021;52
Melilla;Todas las edades;2020;78
Melilla;Todas las edades;2019;69
Melilla;Todas las edades;2018;62
Melilla;Todas las edades;2017;76
Melilla;Todas las edades;2016;53
Melilla;Todas las edades;2015;99
Melilla;Todas las edades;2014;62
Melilla;Todas las edades;2013;51
Melilla;Todas las edades;2012;54
Melilla;Todas las edades;2011;53
Melilla;Menos de 18 años;2023;3
Melilla;Menos de 18 años;2022;3
Melilla;Menos de 18 años;2021;0
Melilla;Menos de 18 años;2020;0
Melilla;Menos de 18 años;2019;0
Melilla;Menos de 18 años;2018;0
Melilla;Menos de 18 años;2017;0
Melilla;Menos de 18 años;2016;0
Melilla;Menos de 18 años;2015;0
Melilla;Menos de 18 años;2014;0
Melilla;Menos de 18 años;2013;0
Melilla;Menos de 18 años;2012;1
Melilla;Menos de 18 años;2011;0
Melilla;De 18 a 24 años;2023;19
Melilla;De 18 a 24 años;2022;8
Melilla;De 18 a 24 años;2021;7
Melilla;De 18 a 24 años;2020;3
Melilla;De 18 a 24 años;2019;5
Melilla;De 18 a 24 años;2018;7
Melilla;De 18 a 24 años;2017;10
Melilla;De 18 a 24 años;2016;4
Melilla;De 18 a 24 años;2015;13
Melilla;De 18 a 24 años;2014;7
Melilla;De 18 a 24 años;2013;9
Melilla;De 18 a 24 años;2012;3
Melilla;De 18 a 24 años;2011;12
Melilla;De 25 a 44 años;2023;116
Melilla;De 25 a 44 años;2022;83
Melilla;De 25 a 44 años;2021;30
Melilla;De 25 a 44 años;2020;48
Melilla;De 25 a 44 años;2019;48
Melilla;De 25 a 44 años;2018;39
Melilla;De 25 a 44 años;2017;47
Melilla;De 25 a 44 años;2016;32
Melilla;De 25 a 44 años;2015;54
Melilla;De 25 a 44 años;2014;36
Melilla;De 25 a 44 años;2013;28
Melilla;De 25 a 44 años;2012;40
Melilla;De 25 a 44 años;2011;29
Melilla;De 45 a 64 años;2023;57
Melilla;De 45 a 64 años;2022;31
Melilla;De 45 a 64 años;2021;15
Melilla;De 45 a 64 años;2020;25
Melilla;De 45 a 64 años;2019;14
Melilla;De 45 a 64 años;2018;15
Melilla;De 45 a 64 años;2017;18
Melilla;De 45 a 64 años;2016;15
Melilla;De 45 a 64 años;2015;31
Melilla;De 45 a 64 años;2014;19
Melilla;De 45 a 64 años;2013;13
Melilla;De 45 a 64 años;2012;7
Melilla;De 45 a 64 años;2011;11
Melilla;65 y más años;2023;2
Melilla;65 y más años;2022;2
Melilla;65 y más años;2021;0
Melilla;65 y más años;2020;2
Melilla;65 y más años;2019;2
Melilla;65 y más años;2018;1
Melilla;65 y más años;2017;1
Melilla;65 y más años;2016;2
Melilla;65 y más años;2015;1
Melilla;65 y más años;2014;0
Melilla;65 y más años;2013;1
Melilla;65 y más años;2012;3
Melilla;65 y más años;2011;1
