Lugar de nacimiento;Edad de la victima;Periodo;Total
Total;Todas las edades;2023;36.582
Total;Todas las edades;2022;32.644
Total;Todas las edades;2021;30.141
Total;Todas las edades;2020;29.215
Total;Todas las edades;2019;31.911
Total;Todas las edades;2018;31.286
Total;Todas las edades;2017;29.008
Total;Todas las edades;2016;28.281
Total;Todas las edades;2015;27.624
Total;Todas las edades;2014;27.087
Total;Todas las edades;2013;27.122
Total;Todas las edades;2012;29.146
Total;Todas las edades;2011;32.242
Total;Menos de 18 años;2023;665
Total;Menos de 18 años;2022;594
Total;Menos de 18 años;2021;661
Total;Menos de 18 años;2020;514
Total;Menos de 18 años;2019;719
Total;Menos de 18 años;2018;677
Total;Menos de 18 años;2017;653
Total;Menos de 18 años;2016;569
Total;Menos de 18 años;2015;637
Total;Menos de 18 años;2014;576
Total;Menos de 18 años;2013;499
Total;Menos de 18 años;2012;545
Total;Menos de 18 años;2011;571
Total;De 18 a 19 años;2023;1.041
Total;De 18 a 19 años;2022;913
Total;De 18 a 19 años;2021;955
Total;De 18 a 19 años;2020;884
Total;De 18 a 19 años;2019;1.063
Total;De 18 a 19 años;2018;1.065
Total;De 18 a 19 años;2017;960
Total;De 18 a 19 años;2016;957
Total;De 18 a 19 años;2015;909
Total;De 18 a 19 años;2014;911
Total;De 18 a 19 años;2013;856
Total;De 18 a 19 años;2012;919
Total;De 18 a 19 años;2011;1.055
Total;De 20 a 24 años;2023;3.892
Total;De 20 a 24 años;2022;3.505
Total;De 20 a 24 años;2021;3.346
Total;De 20 a 24 años;2020;3.208
Total;De 20 a 24 años;2019;3.605
Total;De 20 a 24 años;2018;3.605
Total;De 20 a 24 años;2017;3.327
Total;De 20 a 24 años;2016;3.277
Total;De 20 a 24 años;2015;3.093
Total;De 20 a 24 años;2014;3.025
Total;De 20 a 24 años;2013;3.186
Total;De 20 a 24 años;2012;3.555
Total;De 20 a 24 años;2011;4.115
Total;De 25 a 29 años;2023;4.757
Total;De 25 a 29 años;2022;4.251
Total;De 25 a 29 años;2021;4.045
Total;De 25 a 29 años;2020;3.900
Total;De 25 a 29 años;2019;4.506
Total;De 25 a 29 años;2018;4.350
Total;De 25 a 29 años;2017;3.933
Total;De 25 a 29 años;2016;3.863
Total;De 25 a 29 años;2015;3.785
Total;De 25 a 29 años;2014;3.860
Total;De 25 a 29 años;2013;3.960
Total;De 25 a 29 años;2012;4.559
Total;De 25 a 29 años;2011;5.074
Total;De 30 a 34 años;2023;5.545
Total;De 30 a 34 años;2022;5.075
Total;De 30 a 34 años;2021;4.671
Total;De 30 a 34 años;2020;4.638
Total;De 30 a 34 años;2019;5.113
Total;De 30 a 34 años;2018;4.995
Total;De 30 a 34 años;2017;4.611
Total;De 30 a 34 años;2016;4.558
Total;De 30 a 34 años;2015;4.638
Total;De 30 a 34 años;2014;4.602
Total;De 30 a 34 años;2013;4.780
Total;De 30 a 34 años;2012;5.252
Total;De 30 a 34 años;2011;5.813
Total;De 35 a 39 años;2023;6.228
Total;De 35 a 39 años;2022;5.440
Total;De 35 a 39 años;2021;5.043
Total;De 35 a 39 años;2020;4.959
Total;De 35 a 39 años;2019;5.407
Total;De 35 a 39 años;2018;5.464
Total;De 35 a 39 años;2017;5.142
Total;De 35 a 39 años;2016;5.057
Total;De 35 a 39 años;2015;4.928
Total;De 35 a 39 años;2014;4.880
Total;De 35 a 39 años;2013;4.799
Total;De 35 a 39 años;2012;5.112
Total;De 35 a 39 años;2011;5.477
Total;De 40 a 44 años;2023;5.702
Total;De 40 a 44 años;2022;5.188
Total;De 40 a 44 años;2021;4.616
Total;De 40 a 44 años;2020;4.521
Total;De 40 a 44 años;2019;4.759
Total;De 40 a 44 años;2018;4.484
Total;De 40 a 44 años;2017;4.112
Total;De 40 a 44 años;2016;4.118
Total;De 40 a 44 años;2015;3.794
Total;De 40 a 44 años;2014;3.830
Total;De 40 a 44 años;2013;3.774
Total;De 40 a 44 años;2012;3.989
Total;De 40 a 44 años;2011;4.249
Total;De 45 a 49 años;2023;4.041
Total;De 45 a 49 años;2022;3.502
Total;De 45 a 49 años;2021;3.131
Total;De 45 a 49 años;2020;2.963
Total;De 45 a 49 años;2019;3.157
Total;De 45 a 49 años;2018;3.076
Total;De 45 a 49 años;2017;2.898
Total;De 45 a 49 años;2016;2.654
Total;De 45 a 49 años;2015;2.632
Total;De 45 a 49 años;2014;2.495
Total;De 45 a 49 años;2013;2.495
Total;De 45 a 49 años;2012;2.399
Total;De 45 a 49 años;2011;2.737
Total;De 50 a 54 años;2023;2.259
Total;De 50 a 54 años;2022;2.001
Total;De 50 a 54 años;2021;1.796
Total;De 50 a 54 años;2020;1.749
Total;De 50 a 54 años;2019;1.696
Total;De 50 a 54 años;2018;1.730
Total;De 50 a 54 años;2017;1.616
Total;De 50 a 54 años;2016;1.496
Total;De 50 a 54 años;2015;1.521
Total;De 50 a 54 años;2014;1.293
Total;De 50 a 54 años;2013;1.272
Total;De 50 a 54 años;2012;1.325
Total;De 50 a 54 años;2011;1.476
Total;De 55 a 59 años;2023;1.176
Total;De 55 a 59 años;2022;1.003
Total;De 55 a 59 años;2021;872
Total;De 55 a 59 años;2020;847
Total;De 55 a 59 años;2019;828
Total;De 55 a 59 años;2018;823
Total;De 55 a 59 años;2017;796
Total;De 55 a 59 años;2016;754
Total;De 55 a 59 años;2015;738
Total;De 55 a 59 años;2014;676
Total;De 55 a 59 años;2013;610
Total;De 55 a 59 años;2012;604
Total;De 55 a 59 años;2011;700
Total;De 60 a 64 años;2023;548
Total;De 60 a 64 años;2022;465
Total;De 60 a 64 años;2021;447
Total;De 60 a 64 años;2020;439
Total;De 60 a 64 años;2019;444
Total;De 60 a 64 años;2018;441
Total;De 60 a 64 años;2017;383
Total;De 60 a 64 años;2016;403
Total;De 60 a 64 años;2015;381
Total;De 60 a 64 años;2014;382
Total;De 60 a 64 años;2013;406
Total;De 60 a 64 años;2012;364
Total;De 60 a 64 años;2011;396
Total;De 65 a 69 años;2023;328
Total;De 65 a 69 años;2022;325
Total;De 65 a 69 años;2021;244
Total;De 65 a 69 años;2020;245
Total;De 65 a 69 años;2019;246
Total;De 65 a 69 años;2018;270
Total;De 65 a 69 años;2017;249
Total;De 65 a 69 años;2016;247
Total;De 65 a 69 años;2015;267
Total;De 65 a 69 años;2014;268
Total;De 65 a 69 años;2013;221
Total;De 65 a 69 años;2012;233
Total;De 65 a 69 años;2011;270
Total;De 70 a 74 años  ;2023;197
Total;De 70 a 74 años  ;2022;182
Total;De 70 a 74 años  ;2021;161
Total;De 70 a 74 años  ;2020;175
Total;De 70 a 74 años  ;2019;178
Total;De 70 a 74 años  ;2018;154
Total;De 70 a 74 años  ;2017;155
Total;De 70 a 74 años  ;2016;147
Total;De 70 a 74 años  ;2015;143
Total;De 70 a 74 años  ;2014;141
Total;De 70 a 74 años  ;2013;112
Total;De 70 a 74 años  ;2012;135
Total;De 70 a 74 años  ;2011;146
Total;75 y más años;2023;203
Total;75 y más años;2022;200
Total;75 y más años;2021;153
Total;75 y más años;2020;173
Total;75 y más años;2019;190
Total;75 y más años;2018;152
Total;75 y más años;2017;173
Total;75 y más años;2016;181
Total;75 y más años;2015;158
Total;75 y más años;2014;148
Total;75 y más años;2013;152
Total;75 y más años;2012;155
Total;75 y más años;2011;163
Europa;Todas las edades;2023;26.127
Europa;Todas las edades;2022;23.808
Europa;Todas las edades;2021;22.076
Europa;Todas las edades;2020;21.424
Europa;Todas las edades;2019;23.712
Europa;Todas las edades;2018;23.942
Europa;Todas las edades;2017;22.644
Europa;Todas las edades;2016;22.389
Europa;Todas las edades;2015;21.982
Europa;Todas las edades;2014;21.530
Europa;Todas las edades;2013;21.356
Europa;Todas las edades;2012;22.592
Europa;Todas las edades;2011;24.648
Europa;Menos de 18 años;2023;611
Europa;Menos de 18 años;2022;557
Europa;Menos de 18 años;2021;610
Europa;Menos de 18 años;2020;457
Europa;Menos de 18 años;2019;641
Europa;Menos de 18 años;2018;589
Europa;Menos de 18 años;2017;572
Europa;Menos de 18 años;2016;495
Europa;Menos de 18 años;2015;559
Europa;Menos de 18 años;2014;503
Europa;Menos de 18 años;2013;430
Europa;Menos de 18 años;2012;467
Europa;Menos de 18 años;2011;475
Europa;De 18 a 19 años;2023;904
Europa;De 18 a 19 años;2022;797
Europa;De 18 a 19 años;2021;806
Europa;De 18 a 19 años;2020;729
Europa;De 18 a 19 años;2019;838
Europa;De 18 a 19 años;2018;843
Europa;De 18 a 19 años;2017;786
Europa;De 18 a 19 años;2016;769
Europa;De 18 a 19 años;2015;747
Europa;De 18 a 19 años;2014;743
Europa;De 18 a 19 años;2013;686
Europa;De 18 a 19 años;2012;723
Europa;De 18 a 19 años;2011;851
Europa;De 20 a 24 años;2023;2.751
Europa;De 20 a 24 años;2022;2.486
Europa;De 20 a 24 años;2021;2.354
Europa;De 20 a 24 años;2020;2.186
Europa;De 20 a 24 años;2019;2.496
Europa;De 20 a 24 años;2018;2.609
Europa;De 20 a 24 años;2017;2.476
Europa;De 20 a 24 años;2016;2.512
Europa;De 20 a 24 años;2015;2.425
Europa;De 20 a 24 años;2014;2.346
Europa;De 20 a 24 años;2013;2.454
Europa;De 20 a 24 años;2012;2.778
Europa;De 20 a 24 años;2011;3.078
Europa;De 25 a 29 años;2023;2.925
Europa;De 25 a 29 años;2022;2.642
Europa;De 25 a 29 años;2021;2.613
Europa;De 25 a 29 años;2020;2.574
Europa;De 25 a 29 años;2019;3.109
Europa;De 25 a 29 años;2018;3.136
Europa;De 25 a 29 años;2017;2.959
Europa;De 25 a 29 años;2016;2.979
Europa;De 25 a 29 años;2015;2.905
Europa;De 25 a 29 años;2014;2.919
Europa;De 25 a 29 años;2013;2.943
Europa;De 25 a 29 años;2012;3.235
Europa;De 25 a 29 años;2011;3.559
Europa;De 30 a 34 años;2023;3.661
Europa;De 30 a 34 años;2022;3.454
Europa;De 30 a 34 años;2021;3.217
Europa;De 30 a 34 años;2020;3.219
Europa;De 30 a 34 años;2019;3.597
Europa;De 30 a 34 años;2018;3.646
Europa;De 30 a 34 años;2017;3.405
Europa;De 30 a 34 años;2016;3.379
Europa;De 30 a 34 años;2015;3.431
Europa;De 30 a 34 años;2014;3.372
Europa;De 30 a 34 años;2013;3.497
Europa;De 30 a 34 años;2012;3.778
Europa;De 30 a 34 años;2011;4.042
Europa;De 35 a 39 años;2023;4.243
Europa;De 35 a 39 años;2022;3.841
Europa;De 35 a 39 años;2021;3.516
Europa;De 35 a 39 años;2020;3.535
Europa;De 35 a 39 años;2019;3.854
Europa;De 35 a 39 años;2018;4.050
Europa;De 35 a 39 años;2017;3.843
Europa;De 35 a 39 años;2016;3.862
Europa;De 35 a 39 años;2015;3.753
Europa;De 35 a 39 años;2014;3.767
Europa;De 35 a 39 años;2013;3.704
Europa;De 35 a 39 años;2012;3.853
Europa;De 35 a 39 años;2011;4.112
Europa;De 40 a 44 años;2023;4.113
Europa;De 40 a 44 años;2022;3.788
Europa;De 40 a 44 años;2021;3.398
Europa;De 40 a 44 años;2020;3.309
Europa;De 40 a 44 años;2019;3.584
Europa;De 40 a 44 años;2018;3.479
Europa;De 40 a 44 años;2017;3.222
Europa;De 40 a 44 años;2016;3.301
Europa;De 40 a 44 años;2015;3.068
Europa;De 40 a 44 años;2014;3.111
Europa;De 40 a 44 años;2013;3.026
Europa;De 40 a 44 años;2012;3.210
Europa;De 40 a 44 años;2011;3.395
Europa;De 45 a 49 años;2023;3.042
Europa;De 45 a 49 años;2022;2.714
Europa;De 45 a 49 años;2021;2.469
Europa;De 45 a 49 años;2020;2.320
Europa;De 45 a 49 años;2019;2.490
Europa;De 45 a 49 años;2018;2.513
Europa;De 45 a 49 años;2017;2.410
Europa;De 45 a 49 años;2016;2.204
Europa;De 45 a 49 años;2015;2.210
Europa;De 45 a 49 años;2014;2.121
Europa;De 45 a 49 años;2013;2.110
Europa;De 45 a 49 años;2012;1.992
Europa;De 45 a 49 años;2011;2.294
Europa;De 50 a 54 años;2023;1.753
Europa;De 50 a 54 años;2022;1.602
Europa;De 50 a 54 años;2021;1.446
Europa;De 50 a 54 años;2020;1.422
Europa;De 50 a 54 años;2019;1.401
Europa;De 50 a 54 años;2018;1.399
Europa;De 50 a 54 años;2017;1.358
Europa;De 50 a 54 años;2016;1.302
Europa;De 50 a 54 años;2015;1.313
Europa;De 50 a 54 años;2014;1.135
Europa;De 50 a 54 años;2013;1.106
Europa;De 50 a 54 años;2012;1.153
Europa;De 50 a 54 años;2011;1.283
Europa;De 55 a 59 años;2023;975
Europa;De 55 a 59 años;2022;852
Europa;De 55 a 59 años;2021;726
Europa;De 55 a 59 años;2020;725
Europa;De 55 a 59 años;2019;716
Europa;De 55 a 59 años;2018;719
Europa;De 55 a 59 años;2017;700
Europa;De 55 a 59 años;2016;656
Europa;De 55 a 59 años;2015;661
Europa;De 55 a 59 años;2014;606
Europa;De 55 a 59 años;2013;552
Europa;De 55 a 59 años;2012;549
Europa;De 55 a 59 años;2011;638
Europa;De 60 a 64 años;2023;463
Europa;De 60 a 64 años;2022;406
Europa;De 60 a 64 años;2021;391
Europa;De 60 a 64 años;2020;393
Europa;De 60 a 64 años;2019;393
Europa;De 60 a 64 años;2018;410
Europa;De 60 a 64 años;2017;353
Europa;De 60 a 64 años;2016;374
Europa;De 60 a 64 años;2015;357
Europa;De 60 a 64 años;2014;359
Europa;De 60 a 64 años;2013;382
Europa;De 60 a 64 años;2012;344
Europa;De 60 a 64 años;2011;361
Europa;De 65 a 69 años;2023;299
Europa;De 65 a 69 años;2022;294
Europa;De 65 a 69 años;2021;226
Europa;De 65 a 69 años;2020;220
Europa;De 65 a 69 años;2019;235
Europa;De 65 a 69 años;2018;253
Europa;De 65 a 69 años;2017;232
Europa;De 65 a 69 años;2016;236
Europa;De 65 a 69 años;2015;255
Europa;De 65 a 69 años;2014;261
Europa;De 65 a 69 años;2013;211
Europa;De 65 a 69 años;2012;226
Europa;De 65 a 69 años;2011;257
Europa;De 70 a 74 años  ;2023;187
Europa;De 70 a 74 años  ;2022;179
Europa;De 70 a 74 años  ;2021;154
Europa;De 70 a 74 años  ;2020;165
Europa;De 70 a 74 años  ;2019;171
Europa;De 70 a 74 años  ;2018;148
Europa;De 70 a 74 años  ;2017;155
Europa;De 70 a 74 años  ;2016;140
Europa;De 70 a 74 años  ;2015;140
Europa;De 70 a 74 años  ;2014;139
Europa;De 70 a 74 años  ;2013;110
Europa;De 70 a 74 años  ;2012;132
Europa;De 70 a 74 años  ;2011;142
Europa;75 y más años;2023;200
Europa;75 y más años;2022;196
Europa;75 y más años;2021;150
Europa;75 y más años;2020;170
Europa;75 y más años;2019;187
Europa;75 y más años;2018;148
Europa;75 y más años;2017;173
Europa;75 y más años;2016;180
Europa;75 y más años;2015;158
Europa;75 y más años;2014;148
Europa;75 y más años;2013;145
Europa;75 y más años;2012;152
Europa;75 y más años;2011;161
España;Todas las edades;2023;22.532
España;Todas las edades;2022;20.511
España;Todas las edades;2021;19.086
España;Todas las edades;2020;18.379
España;Todas las edades;2019;20.126
España;Todas las edades;2018;20.317
España;Todas las edades;2017;19.384
España;Todas las edades;2016;19.051
España;Todas las edades;2015;18.609
España;Todas las edades;2014;18.412
España;Todas las edades;2013;18.175
España;Todas las edades;2012;19.097
España;Todas las edades;2011;20.713
España;Menos de 18 años;2023;583
España;Menos de 18 años;2022;528
España;Menos de 18 años;2021;575
España;Menos de 18 años;2020;436
España;Menos de 18 años;2019;600
España;Menos de 18 años;2018;544
España;Menos de 18 años;2017;522
España;Menos de 18 años;2016;444
España;Menos de 18 años;2015;508
España;Menos de 18 años;2014;460
España;Menos de 18 años;2013;381
España;Menos de 18 años;2012;419
España;Menos de 18 años;2011;431
España;De 18 a 19 años;2023;841
España;De 18 a 19 años;2022;737
España;De 18 a 19 años;2021;745
España;De 18 a 19 años;2020;676
España;De 18 a 19 años;2019;750
España;De 18 a 19 años;2018;761
España;De 18 a 19 años;2017;706
España;De 18 a 19 años;2016;682
España;De 18 a 19 años;2015;659
España;De 18 a 19 años;2014;669
España;De 18 a 19 años;2013;613
España;De 18 a 19 años;2012;632
España;De 18 a 19 años;2011;753
España;De 20 a 24 años;2023;2.486
España;De 20 a 24 años;2022;2.215
España;De 20 a 24 años;2021;2.106
España;De 20 a 24 años;2020;1.925
España;De 20 a 24 años;2019;2.140
España;De 20 a 24 años;2018;2.278
España;De 20 a 24 años;2017;2.177
España;De 20 a 24 años;2016;2.206
España;De 20 a 24 años;2015;2.082
España;De 20 a 24 años;2014;2.062
España;De 20 a 24 años;2013;2.116
España;De 20 a 24 años;2012;2.343
España;De 20 a 24 años;2011;2.539
España;De 25 a 29 años;2023;2.517
España;De 25 a 29 años;2022;2.287
España;De 25 a 29 años;2021;2.287
España;De 25 a 29 años;2020;2.244
España;De 25 a 29 años;2019;2.693
España;De 25 a 29 años;2018;2.646
España;De 25 a 29 años;2017;2.499
España;De 25 a 29 años;2016;2.497
España;De 25 a 29 años;2015;2.408
España;De 25 a 29 años;2014;2.389
España;De 25 a 29 años;2013;2.382
España;De 25 a 29 años;2012;2.642
España;De 25 a 29 años;2011;2.844
España;De 30 a 34 años;2023;3.145
España;De 30 a 34 años;2022;2.961
España;De 30 a 34 años;2021;2.730
España;De 30 a 34 años;2020;2.716
España;De 30 a 34 años;2019;2.950
España;De 30 a 34 años;2018;2.996
España;De 30 a 34 años;2017;2.855
España;De 30 a 34 años;2016;2.780
España;De 30 a 34 años;2015;2.824
España;De 30 a 34 años;2014;2.773
España;De 30 a 34 años;2013;2.915
España;De 30 a 34 años;2012;3.118
España;De 30 a 34 años;2011;3.302
España;De 35 a 39 años;2023;3.534
España;De 35 a 39 años;2022;3.237
España;De 35 a 39 años;2021;2.957
España;De 35 a 39 años;2020;2.957
España;De 35 a 39 años;2019;3.204
España;De 35 a 39 años;2018;3.309
España;De 35 a 39 años;2017;3.190
España;De 35 a 39 años;2016;3.222
España;De 35 a 39 años;2015;3.117
España;De 35 a 39 años;2014;3.161
España;De 35 a 39 años;2013;3.122
España;De 35 a 39 años;2012;3.187
España;De 35 a 39 años;2011;3.441
España;De 40 a 44 años;2023;3.471
España;De 40 a 44 años;2022;3.234
España;De 40 a 44 años;2021;2.880
España;De 40 a 44 años;2020;2.755
España;De 40 a 44 años;2019;2.967
España;De 40 a 44 años;2018;2.959
España;De 40 a 44 años;2017;2.750
España;De 40 a 44 años;2016;2.762
España;De 40 a 44 años;2015;2.608
España;De 40 a 44 años;2014;2.662
España;De 40 a 44 años;2013;2.568
España;De 40 a 44 años;2012;2.684
España;De 40 a 44 años;2011;2.859
España;De 45 a 49 años;2023;2.610
España;De 45 a 49 años;2022;2.296
España;De 45 a 49 años;2021;2.116
España;De 45 a 49 años;2020;1.983
España;De 45 a 49 años;2019;2.105
España;De 45 a 49 años;2018;2.128
España;De 45 a 49 años;2017;2.073
España;De 45 a 49 años;2016;1.890
España;De 45 a 49 años;2015;1.846
España;De 45 a 49 años;2014;1.833
España;De 45 a 49 años;2013;1.828
España;De 45 a 49 años;2012;1.736
España;De 45 a 49 años;2011;1.957
España;De 50 a 54 años;2023;1.500
España;De 50 a 54 años;2022;1.348
España;De 50 a 54 años;2021;1.226
España;De 50 a 54 años;2020;1.211
España;De 50 a 54 años;2019;1.193
España;De 50 a 54 años;2018;1.176
España;De 50 a 54 años;2017;1.164
España;De 50 a 54 años;2016;1.121
España;De 50 a 54 años;2015;1.144
España;De 50 a 54 años;2014;1.012
España;De 50 a 54 años;2013;954
España;De 50 a 54 años;2012;1.031
España;De 50 a 54 años;2011;1.140
España;De 55 a 59 años;2023;818
España;De 55 a 59 años;2022;716
España;De 55 a 59 años;2021;621
España;De 55 a 59 años;2020;616
España;De 55 a 59 años;2019;621
España;De 55 a 59 años;2018;637
España;De 55 a 59 años;2017;614
España;De 55 a 59 años;2016;588
España;De 55 a 59 años;2015;587
España;De 55 a 59 años;2014;545
España;De 55 a 59 años;2013;501
España;De 55 a 59 años;2012;500
España;De 55 a 59 años;2011;585
España;De 60 a 64 años;2023;395
España;De 60 a 64 años;2022;345
España;De 60 a 64 años;2021;343
España;De 60 a 64 años;2020;348
España;De 60 a 64 años;2019;351
España;De 60 a 64 años;2018;366
España;De 60 a 64 años;2017;315
España;De 60 a 64 años;2016;335
España;De 60 a 64 años;2015;315
España;De 60 a 64 años;2014;328
España;De 60 a 64 años;2013;353
España;De 60 a 64 años;2012;319
España;De 60 a 64 años;2011;336
España;De 65 a 69 años;2023;273
España;De 65 a 69 años;2022;259
España;De 65 a 69 años;2021;209
España;De 65 a 69 años;2020;205
España;De 65 a 69 años;2019;214
España;De 65 a 69 años;2018;239
España;De 65 a 69 años;2017;208
España;De 65 a 69 años;2016;217
España;De 65 a 69 años;2015;236
España;De 65 a 69 años;2014;240
España;De 65 a 69 años;2013;199
España;De 65 a 69 años;2012;215
España;De 65 a 69 años;2011;239
España;De 70 a 74 años  ;2023;170
España;De 70 a 74 años  ;2022;164
España;De 70 a 74 años  ;2021;146
España;De 70 a 74 años  ;2020;150
España;De 70 a 74 años  ;2019;162
España;De 70 a 74 años  ;2018;138
España;De 70 a 74 años  ;2017;149
España;De 70 a 74 años  ;2016;132
España;De 70 a 74 años  ;2015;126
España;De 70 a 74 años  ;2014;134
España;De 70 a 74 años  ;2013;105
España;De 70 a 74 años  ;2012;122
España;De 70 a 74 años  ;2011;134
España;75 y más años;2023;189
España;75 y más años;2022;184
España;75 y más años;2021;145
España;75 y más años;2020;157
España;75 y más años;2019;176
España;75 y más años;2018;140
España;75 y más años;2017;162
España;75 y más años;2016;175
España;75 y más años;2015;149
España;75 y más años;2014;144
España;75 y más años;2013;138
España;75 y más años;2012;149
España;75 y más años;2011;153
UE28 sin España;Todas las edades;2023;""
UE28 sin España;Todas las edades;2022;""
UE28 sin España;Todas las edades;2021;""
UE28 sin España;Todas las edades;2020;""
UE28 sin España;Todas las edades;2019;2.941
UE28 sin España;Todas las edades;2018;3.059
UE28 sin España;Todas las edades;2017;2.702
UE28 sin España;Todas las edades;2016;2.820
UE28 sin España;Todas las edades;2015;2.853
UE28 sin España;Todas las edades;2014;2.675
UE28 sin España;Todas las edades;2013;2.685
UE28 sin España;Todas las edades;2012;2.958
UE28 sin España;Todas las edades;2011;3.356
UE28 sin España;Menos de 18 años;2023;""
UE28 sin España;Menos de 18 años;2022;""
UE28 sin España;Menos de 18 años;2021;""
UE28 sin España;Menos de 18 años;2020;""
UE28 sin España;Menos de 18 años;2019;38
UE28 sin España;Menos de 18 años;2018;43
UE28 sin España;Menos de 18 años;2017;47
UE28 sin España;Menos de 18 años;2016;46
UE28 sin España;Menos de 18 años;2015;47
UE28 sin España;Menos de 18 años;2014;38
UE28 sin España;Menos de 18 años;2013;45
UE28 sin España;Menos de 18 años;2012;43
UE28 sin España;Menos de 18 años;2011;38
UE28 sin España;De 18 a 19 años;2023;""
UE28 sin España;De 18 a 19 años;2022;""
UE28 sin España;De 18 a 19 años;2021;""
UE28 sin España;De 18 a 19 años;2020;""
UE28 sin España;De 18 a 19 años;2019;78
UE28 sin España;De 18 a 19 años;2018;76
UE28 sin España;De 18 a 19 años;2017;70
UE28 sin España;De 18 a 19 años;2016;71
UE28 sin España;De 18 a 19 años;2015;78
UE28 sin España;De 18 a 19 años;2014;68
UE28 sin España;De 18 a 19 años;2013;63
UE28 sin España;De 18 a 19 años;2012;80
UE28 sin España;De 18 a 19 años;2011;89
UE28 sin España;De 20 a 24 años;2023;""
UE28 sin España;De 20 a 24 años;2022;""
UE28 sin España;De 20 a 24 años;2021;""
UE28 sin España;De 20 a 24 años;2020;""
UE28 sin España;De 20 a 24 años;2019;312
UE28 sin España;De 20 a 24 años;2018;285
UE28 sin España;De 20 a 24 años;2017;250
UE28 sin España;De 20 a 24 años;2016;264
UE28 sin España;De 20 a 24 años;2015;312
UE28 sin España;De 20 a 24 años;2014;256
UE28 sin España;De 20 a 24 años;2013;305
UE28 sin España;De 20 a 24 años;2012;401
UE28 sin España;De 20 a 24 años;2011;491
UE28 sin España;De 25 a 29 años;2023;""
UE28 sin España;De 25 a 29 años;2022;""
UE28 sin España;De 25 a 29 años;2021;""
UE28 sin España;De 25 a 29 años;2020;""
UE28 sin España;De 25 a 29 años;2019;351
UE28 sin España;De 25 a 29 años;2018;428
UE28 sin España;De 25 a 29 años;2017;393
UE28 sin España;De 25 a 29 años;2016;429
UE28 sin España;De 25 a 29 años;2015;436
UE28 sin España;De 25 a 29 años;2014;475
UE28 sin España;De 25 a 29 años;2013;494
UE28 sin España;De 25 a 29 años;2012;516
UE28 sin España;De 25 a 29 años;2011;611
UE28 sin España;De 30 a 34 años;2023;""
UE28 sin España;De 30 a 34 años;2022;""
UE28 sin España;De 30 a 34 años;2021;""
UE28 sin España;De 30 a 34 años;2020;""
UE28 sin España;De 30 a 34 años;2019;518
UE28 sin España;De 30 a 34 años;2018;555
UE28 sin España;De 30 a 34 años;2017;458
UE28 sin España;De 30 a 34 años;2016;501
UE28 sin España;De 30 a 34 años;2015;496
UE28 sin España;De 30 a 34 años;2014;503
UE28 sin España;De 30 a 34 años;2013;467
UE28 sin España;De 30 a 34 años;2012;526
UE28 sin España;De 30 a 34 años;2011;602
UE28 sin España;De 35 a 39 años;2023;""
UE28 sin España;De 35 a 39 años;2022;""
UE28 sin España;De 35 a 39 años;2021;""
UE28 sin España;De 35 a 39 años;2020;""
UE28 sin España;De 35 a 39 años;2019;505
UE28 sin España;De 35 a 39 años;2018;598
UE28 sin España;De 35 a 39 años;2017;516
UE28 sin España;De 35 a 39 años;2016;518
UE28 sin España;De 35 a 39 años;2015;503
UE28 sin España;De 35 a 39 años;2014;497
UE28 sin España;De 35 a 39 años;2013;471
UE28 sin España;De 35 a 39 años;2012;536
UE28 sin España;De 35 a 39 años;2011;552
UE28 sin España;De 40 a 44 años;2023;""
UE28 sin España;De 40 a 44 años;2022;""
UE28 sin España;De 40 a 44 años;2021;""
UE28 sin España;De 40 a 44 años;2020;""
UE28 sin España;De 40 a 44 años;2019;483
UE28 sin España;De 40 a 44 años;2018;423
UE28 sin España;De 40 a 44 años;2017;387
UE28 sin España;De 40 a 44 años;2016;443
UE28 sin España;De 40 a 44 años;2015;383
UE28 sin España;De 40 a 44 años;2014;370
UE28 sin España;De 40 a 44 años;2013;386
UE28 sin España;De 40 a 44 años;2012;451
UE28 sin España;De 40 a 44 años;2011;463
UE28 sin España;De 45 a 49 años;2023;""
UE28 sin España;De 45 a 49 años;2022;""
UE28 sin España;De 45 a 49 años;2021;""
UE28 sin España;De 45 a 49 años;2020;""
UE28 sin España;De 45 a 49 años;2019;321
UE28 sin España;De 45 a 49 años;2018;318
UE28 sin España;De 45 a 49 años;2017;277
UE28 sin España;De 45 a 49 años;2016;272
UE28 sin España;De 45 a 49 años;2015;316
UE28 sin España;De 45 a 49 años;2014;261
UE28 sin España;De 45 a 49 años;2013;242
UE28 sin España;De 45 a 49 años;2012;211
UE28 sin España;De 45 a 49 años;2011;286
UE28 sin España;De 50 a 54 años;2023;""
UE28 sin España;De 50 a 54 años;2022;""
UE28 sin España;De 50 a 54 años;2021;""
UE28 sin España;De 50 a 54 años;2020;""
UE28 sin España;De 50 a 54 años;2019;178
UE28 sin España;De 50 a 54 años;2018;195
UE28 sin España;De 50 a 54 años;2017;164
UE28 sin España;De 50 a 54 años;2016;158
UE28 sin España;De 50 a 54 años;2015;149
UE28 sin España;De 50 a 54 años;2014;100
UE28 sin España;De 50 a 54 años;2013;121
UE28 sin España;De 50 a 54 años;2012;104
UE28 sin España;De 50 a 54 años;2011;125
UE28 sin España;De 55 a 59 años;2023;""
UE28 sin España;De 55 a 59 años;2022;""
UE28 sin España;De 55 a 59 años;2021;""
UE28 sin España;De 55 a 59 años;2020;""
UE28 sin España;De 55 a 59 años;2019;84
UE28 sin España;De 55 a 59 años;2018;71
UE28 sin España;De 55 a 59 años;2017;71
UE28 sin España;De 55 a 59 años;2016;56
UE28 sin España;De 55 a 59 años;2015;62
UE28 sin España;De 55 a 59 años;2014;53
UE28 sin España;De 55 a 59 años;2013;47
UE28 sin España;De 55 a 59 años;2012;43
UE28 sin España;De 55 a 59 años;2011;47
UE28 sin España;De 60 a 64 años;2023;""
UE28 sin España;De 60 a 64 años;2022;""
UE28 sin España;De 60 a 64 años;2021;""
UE28 sin España;De 60 a 64 años;2020;""
UE28 sin España;De 60 a 64 años;2019;36
UE28 sin España;De 60 a 64 años;2018;39
UE28 sin España;De 60 a 64 años;2017;30
UE28 sin España;De 60 a 64 años;2016;33
UE28 sin España;De 60 a 64 años;2015;33
UE28 sin España;De 60 a 64 años;2014;26
UE28 sin España;De 60 a 64 años;2013;21
UE28 sin España;De 60 a 64 años;2012;23
UE28 sin España;De 60 a 64 años;2011;21
UE28 sin España;De 65 a 69 años;2023;""
UE28 sin España;De 65 a 69 años;2022;""
UE28 sin España;De 65 a 69 años;2021;""
UE28 sin España;De 65 a 69 años;2020;""
UE28 sin España;De 65 a 69 años;2019;19
UE28 sin España;De 65 a 69 años;2018;13
UE28 sin España;De 65 a 69 años;2017;23
UE28 sin España;De 65 a 69 años;2016;19
UE28 sin España;De 65 a 69 años;2015;17
UE28 sin España;De 65 a 69 años;2014;19
UE28 sin España;De 65 a 69 años;2013;12
UE28 sin España;De 65 a 69 años;2012;11
UE28 sin España;De 65 a 69 años;2011;16
UE28 sin España;De 70 a 74 años  ;2023;""
UE28 sin España;De 70 a 74 años  ;2022;""
UE28 sin España;De 70 a 74 años  ;2021;""
UE28 sin España;De 70 a 74 años  ;2020;""
UE28 sin España;De 70 a 74 años  ;2019;8
UE28 sin España;De 70 a 74 años  ;2018;8
UE28 sin España;De 70 a 74 años  ;2017;5
UE28 sin España;De 70 a 74 años  ;2016;6
UE28 sin España;De 70 a 74 años  ;2015;12
UE28 sin España;De 70 a 74 años  ;2014;5
UE28 sin España;De 70 a 74 años  ;2013;5
UE28 sin España;De 70 a 74 años  ;2012;10
UE28 sin España;De 70 a 74 años  ;2011;8
UE28 sin España;75 y más años;2023;""
UE28 sin España;75 y más años;2022;""
UE28 sin España;75 y más años;2021;""
UE28 sin España;75 y más años;2020;""
UE28 sin España;75 y más años;2019;10
UE28 sin España;75 y más años;2018;7
UE28 sin España;75 y más años;2017;11
UE28 sin España;75 y más años;2016;4
UE28 sin España;75 y más años;2015;9
UE28 sin España;75 y más años;2014;4
UE28 sin España;75 y más años;2013;6
UE28 sin España;75 y más años;2012;3
UE28 sin España;75 y más años;2011;7
UE27_2020 sin España;Todas las edades;2023;2.407
UE27_2020 sin España;Todas las edades;2022;2.261
UE27_2020 sin España;Todas las edades;2021;2.147
UE27_2020 sin España;Todas las edades;2020;2.233
UE27_2020 sin España;Todas las edades;2019;""
UE27_2020 sin España;Todas las edades;2018;""
UE27_2020 sin España;Todas las edades;2017;""
UE27_2020 sin España;Todas las edades;2016;""
UE27_2020 sin España;Todas las edades;2015;""
UE27_2020 sin España;Todas las edades;2014;""
UE27_2020 sin España;Todas las edades;2013;""
UE27_2020 sin España;Todas las edades;2012;""
UE27_2020 sin España;Todas las edades;2011;""
UE27_2020 sin España;Menos de 18 años;2023;24
UE27_2020 sin España;Menos de 18 años;2022;21
UE27_2020 sin España;Menos de 18 años;2021;28
UE27_2020 sin España;Menos de 18 años;2020;18
UE27_2020 sin España;Menos de 18 años;2019;""
UE27_2020 sin España;Menos de 18 años;2018;""
UE27_2020 sin España;Menos de 18 años;2017;""
UE27_2020 sin España;Menos de 18 años;2016;""
UE27_2020 sin España;Menos de 18 años;2015;""
UE27_2020 sin España;Menos de 18 años;2014;""
UE27_2020 sin España;Menos de 18 años;2013;""
UE27_2020 sin España;Menos de 18 años;2012;""
UE27_2020 sin España;Menos de 18 años;2011;""
UE27_2020 sin España;De 18 a 19 años;2023;43
UE27_2020 sin España;De 18 a 19 años;2022;40
UE27_2020 sin España;De 18 a 19 años;2021;49
UE27_2020 sin España;De 18 a 19 años;2020;44
UE27_2020 sin España;De 18 a 19 años;2019;""
UE27_2020 sin España;De 18 a 19 años;2018;""
UE27_2020 sin España;De 18 a 19 años;2017;""
UE27_2020 sin España;De 18 a 19 años;2016;""
UE27_2020 sin España;De 18 a 19 años;2015;""
UE27_2020 sin España;De 18 a 19 años;2014;""
UE27_2020 sin España;De 18 a 19 años;2013;""
UE27_2020 sin España;De 18 a 19 años;2012;""
UE27_2020 sin España;De 18 a 19 años;2011;""
UE27_2020 sin España;De 20 a 24 años;2023;178
UE27_2020 sin España;De 20 a 24 años;2022;180
UE27_2020 sin España;De 20 a 24 años;2021;183
UE27_2020 sin España;De 20 a 24 años;2020;190
UE27_2020 sin España;De 20 a 24 años;2019;""
UE27_2020 sin España;De 20 a 24 años;2018;""
UE27_2020 sin España;De 20 a 24 años;2017;""
UE27_2020 sin España;De 20 a 24 años;2016;""
UE27_2020 sin España;De 20 a 24 años;2015;""
UE27_2020 sin España;De 20 a 24 años;2014;""
UE27_2020 sin España;De 20 a 24 años;2013;""
UE27_2020 sin España;De 20 a 24 años;2012;""
UE27_2020 sin España;De 20 a 24 años;2011;""
UE27_2020 sin España;De 25 a 29 años;2023;263
UE27_2020 sin España;De 25 a 29 años;2022;246
UE27_2020 sin España;De 25 a 29 años;2021;224
UE27_2020 sin España;De 25 a 29 años;2020;245
UE27_2020 sin España;De 25 a 29 años;2019;""
UE27_2020 sin España;De 25 a 29 años;2018;""
UE27_2020 sin España;De 25 a 29 años;2017;""
UE27_2020 sin España;De 25 a 29 años;2016;""
UE27_2020 sin España;De 25 a 29 años;2015;""
UE27_2020 sin España;De 25 a 29 años;2014;""
UE27_2020 sin España;De 25 a 29 años;2013;""
UE27_2020 sin España;De 25 a 29 años;2012;""
UE27_2020 sin España;De 25 a 29 años;2011;""
UE27_2020 sin España;De 30 a 34 años;2023;332
UE27_2020 sin España;De 30 a 34 años;2022;327
UE27_2020 sin España;De 30 a 34 años;2021;364
UE27_2020 sin España;De 30 a 34 años;2020;373
UE27_2020 sin España;De 30 a 34 años;2019;""
UE27_2020 sin España;De 30 a 34 años;2018;""
UE27_2020 sin España;De 30 a 34 años;2017;""
UE27_2020 sin España;De 30 a 34 años;2016;""
UE27_2020 sin España;De 30 a 34 años;2015;""
UE27_2020 sin España;De 30 a 34 años;2014;""
UE27_2020 sin España;De 30 a 34 años;2013;""
UE27_2020 sin España;De 30 a 34 años;2012;""
UE27_2020 sin España;De 30 a 34 años;2011;""
UE27_2020 sin España;De 35 a 39 años;2023;495
UE27_2020 sin España;De 35 a 39 años;2022;418
UE27_2020 sin España;De 35 a 39 años;2021;395
UE27_2020 sin España;De 35 a 39 años;2020;414
UE27_2020 sin España;De 35 a 39 años;2019;""
UE27_2020 sin España;De 35 a 39 años;2018;""
UE27_2020 sin España;De 35 a 39 años;2017;""
UE27_2020 sin España;De 35 a 39 años;2016;""
UE27_2020 sin España;De 35 a 39 años;2015;""
UE27_2020 sin España;De 35 a 39 años;2014;""
UE27_2020 sin España;De 35 a 39 años;2013;""
UE27_2020 sin España;De 35 a 39 años;2012;""
UE27_2020 sin España;De 35 a 39 años;2011;""
UE27_2020 sin España;De 40 a 44 años;2023;421
UE27_2020 sin España;De 40 a 44 años;2022;390
UE27_2020 sin España;De 40 a 44 años;2021;365
UE27_2020 sin España;De 40 a 44 años;2020;414
UE27_2020 sin España;De 40 a 44 años;2019;""
UE27_2020 sin España;De 40 a 44 años;2018;""
UE27_2020 sin España;De 40 a 44 años;2017;""
UE27_2020 sin España;De 40 a 44 años;2016;""
UE27_2020 sin España;De 40 a 44 años;2015;""
UE27_2020 sin España;De 40 a 44 años;2014;""
UE27_2020 sin España;De 40 a 44 años;2013;""
UE27_2020 sin España;De 40 a 44 años;2012;""
UE27_2020 sin España;De 40 a 44 años;2011;""
UE27_2020 sin España;De 45 a 49 años;2023;314
UE27_2020 sin España;De 45 a 49 años;2022;305
UE27_2020 sin España;De 45 a 49 años;2021;254
UE27_2020 sin España;De 45 a 49 años;2020;239
UE27_2020 sin España;De 45 a 49 años;2019;""
UE27_2020 sin España;De 45 a 49 años;2018;""
UE27_2020 sin España;De 45 a 49 años;2017;""
UE27_2020 sin España;De 45 a 49 años;2016;""
UE27_2020 sin España;De 45 a 49 años;2015;""
UE27_2020 sin España;De 45 a 49 años;2014;""
UE27_2020 sin España;De 45 a 49 años;2013;""
UE27_2020 sin España;De 45 a 49 años;2012;""
UE27_2020 sin España;De 45 a 49 años;2011;""
UE27_2020 sin España;De 50 a 54 años;2023;164
UE27_2020 sin España;De 50 a 54 años;2022;182
UE27_2020 sin España;De 50 a 54 años;2021;158
UE27_2020 sin España;De 50 a 54 años;2020;150
UE27_2020 sin España;De 50 a 54 años;2019;""
UE27_2020 sin España;De 50 a 54 años;2018;""
UE27_2020 sin España;De 50 a 54 años;2017;""
UE27_2020 sin España;De 50 a 54 años;2016;""
UE27_2020 sin España;De 50 a 54 años;2015;""
UE27_2020 sin España;De 50 a 54 años;2014;""
UE27_2020 sin España;De 50 a 54 años;2013;""
UE27_2020 sin España;De 50 a 54 años;2012;""
UE27_2020 sin España;De 50 a 54 años;2011;""
UE27_2020 sin España;De 55 a 59 años;2023;103
UE27_2020 sin España;De 55 a 59 años;2022;81
UE27_2020 sin España;De 55 a 59 años;2021;73
UE27_2020 sin España;De 55 a 59 años;2020;90
UE27_2020 sin España;De 55 a 59 años;2019;""
UE27_2020 sin España;De 55 a 59 años;2018;""
UE27_2020 sin España;De 55 a 59 años;2017;""
UE27_2020 sin España;De 55 a 59 años;2016;""
UE27_2020 sin España;De 55 a 59 años;2015;""
UE27_2020 sin España;De 55 a 59 años;2014;""
UE27_2020 sin España;De 55 a 59 años;2013;""
UE27_2020 sin España;De 55 a 59 años;2012;""
UE27_2020 sin España;De 55 a 59 años;2011;""
UE27_2020 sin España;De 60 a 64 años;2023;39
UE27_2020 sin España;De 60 a 64 años;2022;38
UE27_2020 sin España;De 60 a 64 años;2021;35
UE27_2020 sin España;De 60 a 64 años;2020;30
UE27_2020 sin España;De 60 a 64 años;2019;""
UE27_2020 sin España;De 60 a 64 años;2018;""
UE27_2020 sin España;De 60 a 64 años;2017;""
UE27_2020 sin España;De 60 a 64 años;2016;""
UE27_2020 sin España;De 60 a 64 años;2015;""
UE27_2020 sin España;De 60 a 64 años;2014;""
UE27_2020 sin España;De 60 a 64 años;2013;""
UE27_2020 sin España;De 60 a 64 años;2012;""
UE27_2020 sin España;De 60 a 64 años;2011;""
UE27_2020 sin España;De 65 a 69 años;2023;15
UE27_2020 sin España;De 65 a 69 años;2022;18
UE27_2020 sin España;De 65 a 69 años;2021;12
UE27_2020 sin España;De 65 a 69 años;2020;9
UE27_2020 sin España;De 65 a 69 años;2019;""
UE27_2020 sin España;De 65 a 69 años;2018;""
UE27_2020 sin España;De 65 a 69 años;2017;""
UE27_2020 sin España;De 65 a 69 años;2016;""
UE27_2020 sin España;De 65 a 69 años;2015;""
UE27_2020 sin España;De 65 a 69 años;2014;""
UE27_2020 sin España;De 65 a 69 años;2013;""
UE27_2020 sin España;De 65 a 69 años;2012;""
UE27_2020 sin España;De 65 a 69 años;2011;""
UE27_2020 sin España;De 70 a 74 años  ;2023;9
UE27_2020 sin España;De 70 a 74 años  ;2022;8
UE27_2020 sin España;De 70 a 74 años  ;2021;4
UE27_2020 sin España;De 70 a 74 años  ;2020;10
UE27_2020 sin España;De 70 a 74 años  ;2019;""
UE27_2020 sin España;De 70 a 74 años  ;2018;""
UE27_2020 sin España;De 70 a 74 años  ;2017;""
UE27_2020 sin España;De 70 a 74 años  ;2016;""
UE27_2020 sin España;De 70 a 74 años  ;2015;""
UE27_2020 sin España;De 70 a 74 años  ;2014;""
UE27_2020 sin España;De 70 a 74 años  ;2013;""
UE27_2020 sin España;De 70 a 74 años  ;2012;""
UE27_2020 sin España;De 70 a 74 años  ;2011;""
UE27_2020 sin España;75 y más años;2023;7
UE27_2020 sin España;75 y más años;2022;7
UE27_2020 sin España;75 y más años;2021;3
UE27_2020 sin España;75 y más años;2020;7
UE27_2020 sin España;75 y más años;2019;""
UE27_2020 sin España;75 y más años;2018;""
UE27_2020 sin España;75 y más años;2017;""
UE27_2020 sin España;75 y más años;2016;""
UE27_2020 sin España;75 y más años;2015;""
UE27_2020 sin España;75 y más años;2014;""
UE27_2020 sin España;75 y más años;2013;""
UE27_2020 sin España;75 y más años;2012;""
UE27_2020 sin España;75 y más años;2011;""
Europa menos UE28;Todas las edades;2023;""
Europa menos UE28;Todas las edades;2022;""
Europa menos UE28;Todas las edades;2021;""
Europa menos UE28;Todas las edades;2020;""
Europa menos UE28;Todas las edades;2019;645
Europa menos UE28;Todas las edades;2018;566
Europa menos UE28;Todas las edades;2017;558
Europa menos UE28;Todas las edades;2016;518
Europa menos UE28;Todas las edades;2015;520
Europa menos UE28;Todas las edades;2014;443
Europa menos UE28;Todas las edades;2013;496
Europa menos UE28;Todas las edades;2012;537
Europa menos UE28;Todas las edades;2011;579
Europa menos UE28;Menos de 18 años;2023;""
Europa menos UE28;Menos de 18 años;2022;""
Europa menos UE28;Menos de 18 años;2021;""
Europa menos UE28;Menos de 18 años;2020;""
Europa menos UE28;Menos de 18 años;2019;3
Europa menos UE28;Menos de 18 años;2018;2
Europa menos UE28;Menos de 18 años;2017;3
Europa menos UE28;Menos de 18 años;2016;5
Europa menos UE28;Menos de 18 años;2015;4
Europa menos UE28;Menos de 18 años;2014;5
Europa menos UE28;Menos de 18 años;2013;4
Europa menos UE28;Menos de 18 años;2012;5
Europa menos UE28;Menos de 18 años;2011;6
Europa menos UE28;De 18 a 19 años;2023;""
Europa menos UE28;De 18 a 19 años;2022;""
Europa menos UE28;De 18 a 19 años;2021;""
Europa menos UE28;De 18 a 19 años;2020;""
Europa menos UE28;De 18 a 19 años;2019;10
Europa menos UE28;De 18 a 19 años;2018;6
Europa menos UE28;De 18 a 19 años;2017;10
Europa menos UE28;De 18 a 19 años;2016;16
Europa menos UE28;De 18 a 19 años;2015;10
Europa menos UE28;De 18 a 19 años;2014;6
Europa menos UE28;De 18 a 19 años;2013;10
Europa menos UE28;De 18 a 19 años;2012;11
Europa menos UE28;De 18 a 19 años;2011;9
Europa menos UE28;De 20 a 24 años;2023;""
Europa menos UE28;De 20 a 24 años;2022;""
Europa menos UE28;De 20 a 24 años;2021;""
Europa menos UE28;De 20 a 24 años;2020;""
Europa menos UE28;De 20 a 24 años;2019;44
Europa menos UE28;De 20 a 24 años;2018;46
Europa menos UE28;De 20 a 24 años;2017;49
Europa menos UE28;De 20 a 24 años;2016;42
Europa menos UE28;De 20 a 24 años;2015;31
Europa menos UE28;De 20 a 24 años;2014;28
Europa menos UE28;De 20 a 24 años;2013;33
Europa menos UE28;De 20 a 24 años;2012;34
Europa menos UE28;De 20 a 24 años;2011;48
Europa menos UE28;De 25 a 29 años;2023;""
Europa menos UE28;De 25 a 29 años;2022;""
Europa menos UE28;De 25 a 29 años;2021;""
Europa menos UE28;De 25 a 29 años;2020;""
Europa menos UE28;De 25 a 29 años;2019;65
Europa menos UE28;De 25 a 29 años;2018;62
Europa menos UE28;De 25 a 29 años;2017;67
Europa menos UE28;De 25 a 29 años;2016;53
Europa menos UE28;De 25 a 29 años;2015;61
Europa menos UE28;De 25 a 29 años;2014;55
Europa menos UE28;De 25 a 29 años;2013;67
Europa menos UE28;De 25 a 29 años;2012;77
Europa menos UE28;De 25 a 29 años;2011;104
Europa menos UE28;De 30 a 34 años;2023;""
Europa menos UE28;De 30 a 34 años;2022;""
Europa menos UE28;De 30 a 34 años;2021;""
Europa menos UE28;De 30 a 34 años;2020;""
Europa menos UE28;De 30 a 34 años;2019;129
Europa menos UE28;De 30 a 34 años;2018;95
Europa menos UE28;De 30 a 34 años;2017;92
Europa menos UE28;De 30 a 34 años;2016;98
Europa menos UE28;De 30 a 34 años;2015;111
Europa menos UE28;De 30 a 34 años;2014;96
Europa menos UE28;De 30 a 34 años;2013;115
Europa menos UE28;De 30 a 34 años;2012;134
Europa menos UE28;De 30 a 34 años;2011;138
Europa menos UE28;De 35 a 39 años;2023;""
Europa menos UE28;De 35 a 39 años;2022;""
Europa menos UE28;De 35 a 39 años;2021;""
Europa menos UE28;De 35 a 39 años;2020;""
Europa menos UE28;De 35 a 39 años;2019;145
Europa menos UE28;De 35 a 39 años;2018;143
Europa menos UE28;De 35 a 39 años;2017;137
Europa menos UE28;De 35 a 39 años;2016;122
Europa menos UE28;De 35 a 39 años;2015;133
Europa menos UE28;De 35 a 39 años;2014;109
Europa menos UE28;De 35 a 39 años;2013;111
Europa menos UE28;De 35 a 39 años;2012;130
Europa menos UE28;De 35 a 39 años;2011;119
Europa menos UE28;De 40 a 44 años;2023;""
Europa menos UE28;De 40 a 44 años;2022;""
Europa menos UE28;De 40 a 44 años;2021;""
Europa menos UE28;De 40 a 44 años;2020;""
Europa menos UE28;De 40 a 44 años;2019;134
Europa menos UE28;De 40 a 44 años;2018;97
Europa menos UE28;De 40 a 44 años;2017;85
Europa menos UE28;De 40 a 44 años;2016;96
Europa menos UE28;De 40 a 44 años;2015;77
Europa menos UE28;De 40 a 44 años;2014;79
Europa menos UE28;De 40 a 44 años;2013;72
Europa menos UE28;De 40 a 44 años;2012;75
Europa menos UE28;De 40 a 44 años;2011;73
Europa menos UE28;De 45 a 49 años;2023;""
Europa menos UE28;De 45 a 49 años;2022;""
Europa menos UE28;De 45 a 49 años;2021;""
Europa menos UE28;De 45 a 49 años;2020;""
Europa menos UE28;De 45 a 49 años;2019;64
Europa menos UE28;De 45 a 49 años;2018;67
Europa menos UE28;De 45 a 49 años;2017;60
Europa menos UE28;De 45 a 49 años;2016;42
Europa menos UE28;De 45 a 49 años;2015;48
Europa menos UE28;De 45 a 49 años;2014;27
Europa menos UE28;De 45 a 49 años;2013;40
Europa menos UE28;De 45 a 49 años;2012;45
Europa menos UE28;De 45 a 49 años;2011;51
Europa menos UE28;De 50 a 54 años;2023;""
Europa menos UE28;De 50 a 54 años;2022;""
Europa menos UE28;De 50 a 54 años;2021;""
Europa menos UE28;De 50 a 54 años;2020;""
Europa menos UE28;De 50 a 54 años;2019;30
Europa menos UE28;De 50 a 54 años;2018;28
Europa menos UE28;De 50 a 54 años;2017;30
Europa menos UE28;De 50 a 54 años;2016;23
Europa menos UE28;De 50 a 54 años;2015;20
Europa menos UE28;De 50 a 54 años;2014;23
Europa menos UE28;De 50 a 54 años;2013;31
Europa menos UE28;De 50 a 54 años;2012;18
Europa menos UE28;De 50 a 54 años;2011;18
Europa menos UE28;De 55 a 59 años;2023;""
Europa menos UE28;De 55 a 59 años;2022;""
Europa menos UE28;De 55 a 59 años;2021;""
Europa menos UE28;De 55 a 59 años;2020;""
Europa menos UE28;De 55 a 59 años;2019;11
Europa menos UE28;De 55 a 59 años;2018;11
Europa menos UE28;De 55 a 59 años;2017;15
Europa menos UE28;De 55 a 59 años;2016;12
Europa menos UE28;De 55 a 59 años;2015;12
Europa menos UE28;De 55 a 59 años;2014;8
Europa menos UE28;De 55 a 59 años;2013;4
Europa menos UE28;De 55 a 59 años;2012;6
Europa menos UE28;De 55 a 59 años;2011;6
Europa menos UE28;De 60 a 64 años;2023;""
Europa menos UE28;De 60 a 64 años;2022;""
Europa menos UE28;De 60 a 64 años;2021;""
Europa menos UE28;De 60 a 64 años;2020;""
Europa menos UE28;De 60 a 64 años;2019;6
Europa menos UE28;De 60 a 64 años;2018;5
Europa menos UE28;De 60 a 64 años;2017;8
Europa menos UE28;De 60 a 64 años;2016;6
Europa menos UE28;De 60 a 64 años;2015;9
Europa menos UE28;De 60 a 64 años;2014;5
Europa menos UE28;De 60 a 64 años;2013;8
Europa menos UE28;De 60 a 64 años;2012;2
Europa menos UE28;De 60 a 64 años;2011;4
Europa menos UE28;De 65 a 69 años;2023;""
Europa menos UE28;De 65 a 69 años;2022;""
Europa menos UE28;De 65 a 69 años;2021;""
Europa menos UE28;De 65 a 69 años;2020;""
Europa menos UE28;De 65 a 69 años;2019;2
Europa menos UE28;De 65 a 69 años;2018;1
Europa menos UE28;De 65 a 69 años;2017;1
Europa menos UE28;De 65 a 69 años;2016;0
Europa menos UE28;De 65 a 69 años;2015;2
Europa menos UE28;De 65 a 69 años;2014;2
Europa menos UE28;De 65 a 69 años;2013;0
Europa menos UE28;De 65 a 69 años;2012;0
Europa menos UE28;De 65 a 69 años;2011;2
Europa menos UE28;De 70 a 74 años  ;2023;""
Europa menos UE28;De 70 a 74 años  ;2022;""
Europa menos UE28;De 70 a 74 años  ;2021;""
Europa menos UE28;De 70 a 74 años  ;2020;""
Europa menos UE28;De 70 a 74 años  ;2019;1
Europa menos UE28;De 70 a 74 años  ;2018;2
Europa menos UE28;De 70 a 74 años  ;2017;1
Europa menos UE28;De 70 a 74 años  ;2016;2
Europa menos UE28;De 70 a 74 años  ;2015;2
Europa menos UE28;De 70 a 74 años  ;2014;0
Europa menos UE28;De 70 a 74 años  ;2013;0
Europa menos UE28;De 70 a 74 años  ;2012;0
Europa menos UE28;De 70 a 74 años  ;2011;0
Europa menos UE28;75 y más años;2023;""
Europa menos UE28;75 y más años;2022;""
Europa menos UE28;75 y más años;2021;""
Europa menos UE28;75 y más años;2020;""
Europa menos UE28;75 y más años;2019;1
Europa menos UE28;75 y más años;2018;1
Europa menos UE28;75 y más años;2017;0
Europa menos UE28;75 y más años;2016;1
Europa menos UE28;75 y más años;2015;0
Europa menos UE28;75 y más años;2014;0
Europa menos UE28;75 y más años;2013;1
Europa menos UE28;75 y más años;2012;0
Europa menos UE28;75 y más años;2011;1
Europa menos UE27_2020;Todas las edades;2023;1.188
Europa menos UE27_2020;Todas las edades;2022;1.036
Europa menos UE27_2020;Todas las edades;2021;843
Europa menos UE27_2020;Todas las edades;2020;812
Europa menos UE27_2020;Todas las edades;2019;""
Europa menos UE27_2020;Todas las edades;2018;""
Europa menos UE27_2020;Todas las edades;2017;""
Europa menos UE27_2020;Todas las edades;2016;""
Europa menos UE27_2020;Todas las edades;2015;""
Europa menos UE27_2020;Todas las edades;2014;""
Europa menos UE27_2020;Todas las edades;2013;""
Europa menos UE27_2020;Todas las edades;2012;""
Europa menos UE27_2020;Todas las edades;2011;""
Europa menos UE27_2020;Menos de 18 años;2023;4
Europa menos UE27_2020;Menos de 18 años;2022;8
Europa menos UE27_2020;Menos de 18 años;2021;7
Europa menos UE27_2020;Menos de 18 años;2020;3
Europa menos UE27_2020;Menos de 18 años;2019;""
Europa menos UE27_2020;Menos de 18 años;2018;""
Europa menos UE27_2020;Menos de 18 años;2017;""
Europa menos UE27_2020;Menos de 18 años;2016;""
Europa menos UE27_2020;Menos de 18 años;2015;""
Europa menos UE27_2020;Menos de 18 años;2014;""
Europa menos UE27_2020;Menos de 18 años;2013;""
Europa menos UE27_2020;Menos de 18 años;2012;""
Europa menos UE27_2020;Menos de 18 años;2011;""
Europa menos UE27_2020;De 18 a 19 años;2023;20
Europa menos UE27_2020;De 18 a 19 años;2022;20
Europa menos UE27_2020;De 18 a 19 años;2021;12
Europa menos UE27_2020;De 18 a 19 años;2020;9
Europa menos UE27_2020;De 18 a 19 años;2019;""
Europa menos UE27_2020;De 18 a 19 años;2018;""
Europa menos UE27_2020;De 18 a 19 años;2017;""
Europa menos UE27_2020;De 18 a 19 años;2016;""
Europa menos UE27_2020;De 18 a 19 años;2015;""
Europa menos UE27_2020;De 18 a 19 años;2014;""
Europa menos UE27_2020;De 18 a 19 años;2013;""
Europa menos UE27_2020;De 18 a 19 años;2012;""
Europa menos UE27_2020;De 18 a 19 años;2011;""
Europa menos UE27_2020;De 20 a 24 años;2023;87
Europa menos UE27_2020;De 20 a 24 años;2022;91
Europa menos UE27_2020;De 20 a 24 años;2021;65
Europa menos UE27_2020;De 20 a 24 años;2020;71
Europa menos UE27_2020;De 20 a 24 años;2019;""
Europa menos UE27_2020;De 20 a 24 años;2018;""
Europa menos UE27_2020;De 20 a 24 años;2017;""
Europa menos UE27_2020;De 20 a 24 años;2016;""
Europa menos UE27_2020;De 20 a 24 años;2015;""
Europa menos UE27_2020;De 20 a 24 años;2014;""
Europa menos UE27_2020;De 20 a 24 años;2013;""
Europa menos UE27_2020;De 20 a 24 años;2012;""
Europa menos UE27_2020;De 20 a 24 años;2011;""
Europa menos UE27_2020;De 25 a 29 años;2023;145
Europa menos UE27_2020;De 25 a 29 años;2022;109
Europa menos UE27_2020;De 25 a 29 años;2021;102
Europa menos UE27_2020;De 25 a 29 años;2020;85
Europa menos UE27_2020;De 25 a 29 años;2019;""
Europa menos UE27_2020;De 25 a 29 años;2018;""
Europa menos UE27_2020;De 25 a 29 años;2017;""
Europa menos UE27_2020;De 25 a 29 años;2016;""
Europa menos UE27_2020;De 25 a 29 años;2015;""
Europa menos UE27_2020;De 25 a 29 años;2014;""
Europa menos UE27_2020;De 25 a 29 años;2013;""
Europa menos UE27_2020;De 25 a 29 años;2012;""
Europa menos UE27_2020;De 25 a 29 años;2011;""
Europa menos UE27_2020;De 30 a 34 años;2023;184
Europa menos UE27_2020;De 30 a 34 años;2022;166
Europa menos UE27_2020;De 30 a 34 años;2021;123
Europa menos UE27_2020;De 30 a 34 años;2020;130
Europa menos UE27_2020;De 30 a 34 años;2019;""
Europa menos UE27_2020;De 30 a 34 años;2018;""
Europa menos UE27_2020;De 30 a 34 años;2017;""
Europa menos UE27_2020;De 30 a 34 años;2016;""
Europa menos UE27_2020;De 30 a 34 años;2015;""
Europa menos UE27_2020;De 30 a 34 años;2014;""
Europa menos UE27_2020;De 30 a 34 años;2013;""
Europa menos UE27_2020;De 30 a 34 años;2012;""
Europa menos UE27_2020;De 30 a 34 años;2011;""
Europa menos UE27_2020;De 35 a 39 años;2023;214
Europa menos UE27_2020;De 35 a 39 años;2022;186
Europa menos UE27_2020;De 35 a 39 años;2021;164
Europa menos UE27_2020;De 35 a 39 años;2020;164
Europa menos UE27_2020;De 35 a 39 años;2019;""
Europa menos UE27_2020;De 35 a 39 años;2018;""
Europa menos UE27_2020;De 35 a 39 años;2017;""
Europa menos UE27_2020;De 35 a 39 años;2016;""
Europa menos UE27_2020;De 35 a 39 años;2015;""
Europa menos UE27_2020;De 35 a 39 años;2014;""
Europa menos UE27_2020;De 35 a 39 años;2013;""
Europa menos UE27_2020;De 35 a 39 años;2012;""
Europa menos UE27_2020;De 35 a 39 años;2011;""
Europa menos UE27_2020;De 40 a 44 años;2023;221
Europa menos UE27_2020;De 40 a 44 años;2022;164
Europa menos UE27_2020;De 40 a 44 años;2021;153
Europa menos UE27_2020;De 40 a 44 años;2020;140
Europa menos UE27_2020;De 40 a 44 años;2019;""
Europa menos UE27_2020;De 40 a 44 años;2018;""
Europa menos UE27_2020;De 40 a 44 años;2017;""
Europa menos UE27_2020;De 40 a 44 años;2016;""
Europa menos UE27_2020;De 40 a 44 años;2015;""
Europa menos UE27_2020;De 40 a 44 años;2014;""
Europa menos UE27_2020;De 40 a 44 años;2013;""
Europa menos UE27_2020;De 40 a 44 años;2012;""
Europa menos UE27_2020;De 40 a 44 años;2011;""
Europa menos UE27_2020;De 45 a 49 años;2023;118
Europa menos UE27_2020;De 45 a 49 años;2022;113
Europa menos UE27_2020;De 45 a 49 años;2021;99
Europa menos UE27_2020;De 45 a 49 años;2020;98
Europa menos UE27_2020;De 45 a 49 años;2019;""
Europa menos UE27_2020;De 45 a 49 años;2018;""
Europa menos UE27_2020;De 45 a 49 años;2017;""
Europa menos UE27_2020;De 45 a 49 años;2016;""
Europa menos UE27_2020;De 45 a 49 años;2015;""
Europa menos UE27_2020;De 45 a 49 años;2014;""
Europa menos UE27_2020;De 45 a 49 años;2013;""
Europa menos UE27_2020;De 45 a 49 años;2012;""
Europa menos UE27_2020;De 45 a 49 años;2011;""
Europa menos UE27_2020;De 50 a 54 años;2023;89
Europa menos UE27_2020;De 50 a 54 años;2022;72
Europa menos UE27_2020;De 50 a 54 años;2021;62
Europa menos UE27_2020;De 50 a 54 años;2020;61
Europa menos UE27_2020;De 50 a 54 años;2019;""
Europa menos UE27_2020;De 50 a 54 años;2018;""
Europa menos UE27_2020;De 50 a 54 años;2017;""
Europa menos UE27_2020;De 50 a 54 años;2016;""
Europa menos UE27_2020;De 50 a 54 años;2015;""
Europa menos UE27_2020;De 50 a 54 años;2014;""
Europa menos UE27_2020;De 50 a 54 años;2013;""
Europa menos UE27_2020;De 50 a 54 años;2012;""
Europa menos UE27_2020;De 50 a 54 años;2011;""
Europa menos UE27_2020;De 55 a 59 años;2023;54
Europa menos UE27_2020;De 55 a 59 años;2022;55
Europa menos UE27_2020;De 55 a 59 años;2021;32
Europa menos UE27_2020;De 55 a 59 años;2020;19
Europa menos UE27_2020;De 55 a 59 años;2019;""
Europa menos UE27_2020;De 55 a 59 años;2018;""
Europa menos UE27_2020;De 55 a 59 años;2017;""
Europa menos UE27_2020;De 55 a 59 años;2016;""
Europa menos UE27_2020;De 55 a 59 años;2015;""
Europa menos UE27_2020;De 55 a 59 años;2014;""
Europa menos UE27_2020;De 55 a 59 años;2013;""
Europa menos UE27_2020;De 55 a 59 años;2012;""
Europa menos UE27_2020;De 55 a 59 años;2011;""
Europa menos UE27_2020;De 60 a 64 años;2023;29
Europa menos UE27_2020;De 60 a 64 años;2022;23
Europa menos UE27_2020;De 60 a 64 años;2021;13
Europa menos UE27_2020;De 60 a 64 años;2020;15
Europa menos UE27_2020;De 60 a 64 años;2019;""
Europa menos UE27_2020;De 60 a 64 años;2018;""
Europa menos UE27_2020;De 60 a 64 años;2017;""
Europa menos UE27_2020;De 60 a 64 años;2016;""
Europa menos UE27_2020;De 60 a 64 años;2015;""
Europa menos UE27_2020;De 60 a 64 años;2014;""
Europa menos UE27_2020;De 60 a 64 años;2013;""
Europa menos UE27_2020;De 60 a 64 años;2012;""
Europa menos UE27_2020;De 60 a 64 años;2011;""
Europa menos UE27_2020;De 65 a 69 años;2023;11
Europa menos UE27_2020;De 65 a 69 años;2022;17
Europa menos UE27_2020;De 65 a 69 años;2021;5
Europa menos UE27_2020;De 65 a 69 años;2020;6
Europa menos UE27_2020;De 65 a 69 años;2019;""
Europa menos UE27_2020;De 65 a 69 años;2018;""
Europa menos UE27_2020;De 65 a 69 años;2017;""
Europa menos UE27_2020;De 65 a 69 años;2016;""
Europa menos UE27_2020;De 65 a 69 años;2015;""
Europa menos UE27_2020;De 65 a 69 años;2014;""
Europa menos UE27_2020;De 65 a 69 años;2013;""
Europa menos UE27_2020;De 65 a 69 años;2012;""
Europa menos UE27_2020;De 65 a 69 años;2011;""
Europa menos UE27_2020;De 70 a 74 años  ;2023;8
Europa menos UE27_2020;De 70 a 74 años  ;2022;7
Europa menos UE27_2020;De 70 a 74 años  ;2021;4
Europa menos UE27_2020;De 70 a 74 años  ;2020;5
Europa menos UE27_2020;De 70 a 74 años  ;2019;""
Europa menos UE27_2020;De 70 a 74 años  ;2018;""
Europa menos UE27_2020;De 70 a 74 años  ;2017;""
Europa menos UE27_2020;De 70 a 74 años  ;2016;""
Europa menos UE27_2020;De 70 a 74 años  ;2015;""
Europa menos UE27_2020;De 70 a 74 años  ;2014;""
Europa menos UE27_2020;De 70 a 74 años  ;2013;""
Europa menos UE27_2020;De 70 a 74 años  ;2012;""
Europa menos UE27_2020;De 70 a 74 años  ;2011;""
Europa menos UE27_2020;75 y más años;2023;4
Europa menos UE27_2020;75 y más años;2022;5
Europa menos UE27_2020;75 y más años;2021;2
Europa menos UE27_2020;75 y más años;2020;6
Europa menos UE27_2020;75 y más años;2019;""
Europa menos UE27_2020;75 y más años;2018;""
Europa menos UE27_2020;75 y más años;2017;""
Europa menos UE27_2020;75 y más años;2016;""
Europa menos UE27_2020;75 y más años;2015;""
Europa menos UE27_2020;75 y más años;2014;""
Europa menos UE27_2020;75 y más años;2013;""
Europa menos UE27_2020;75 y más años;2012;""
Europa menos UE27_2020;75 y más años;2011;""
África;Todas las edades;2023;2.375
África;Todas las edades;2022;2.237
África;Todas las edades;2021;2.132
África;Todas las edades;2020;2.076
África;Todas las edades;2019;2.168
África;Todas las edades;2018;2.012
África;Todas las edades;2017;1.777
África;Todas las edades;2016;1.766
África;Todas las edades;2015;1.635
África;Todas las edades;2014;1.617
África;Todas las edades;2013;1.574
África;Todas las edades;2012;1.729
África;Todas las edades;2011;1.888
África;Menos de 18 años;2023;14
África;Menos de 18 años;2022;5
África;Menos de 18 años;2021;13
África;Menos de 18 años;2020;10
África;Menos de 18 años;2019;14
África;Menos de 18 años;2018;16
África;Menos de 18 años;2017;15
África;Menos de 18 años;2016;12
África;Menos de 18 años;2015;14
África;Menos de 18 años;2014;14
África;Menos de 18 años;2013;8
África;Menos de 18 años;2012;11
África;Menos de 18 años;2011;21
África;De 18 a 19 años;2023;32
África;De 18 a 19 años;2022;34
África;De 18 a 19 años;2021;35
África;De 18 a 19 años;2020;38
África;De 18 a 19 años;2019;53
África;De 18 a 19 años;2018;47
África;De 18 a 19 años;2017;43
África;De 18 a 19 años;2016;46
África;De 18 a 19 años;2015;29
África;De 18 a 19 años;2014;33
África;De 18 a 19 años;2013;28
África;De 18 a 19 años;2012;39
África;De 18 a 19 años;2011;47
África;De 20 a 24 años;2023;223
África;De 20 a 24 años;2022;227
África;De 20 a 24 años;2021;219
África;De 20 a 24 años;2020;233
África;De 20 a 24 años;2019;261
África;De 20 a 24 años;2018;245
África;De 20 a 24 años;2017;239
África;De 20 a 24 años;2016;218
África;De 20 a 24 años;2015;188
África;De 20 a 24 años;2014;192
África;De 20 a 24 años;2013;226
África;De 20 a 24 años;2012;217
África;De 20 a 24 años;2011;291
África;De 25 a 29 años;2023;357
África;De 25 a 29 años;2022;364
África;De 25 a 29 años;2021;352
África;De 25 a 29 años;2020;323
África;De 25 a 29 años;2019;394
África;De 25 a 29 años;2018;336
África;De 25 a 29 años;2017;293
África;De 25 a 29 años;2016;310
África;De 25 a 29 años;2015;294
África;De 25 a 29 años;2014;313
África;De 25 a 29 años;2013;307
África;De 25 a 29 años;2012;404
África;De 25 a 29 años;2011;418
África;De 30 a 34 años;2023;475
África;De 30 a 34 años;2022;433
África;De 30 a 34 años;2021;442
África;De 30 a 34 años;2020;465
África;De 30 a 34 años;2019;458
África;De 30 a 34 años;2018;443
África;De 30 a 34 años;2017;380
África;De 30 a 34 años;2016;389
África;De 30 a 34 años;2015;381
África;De 30 a 34 años;2014;364
África;De 30 a 34 años;2013;358
África;De 30 a 34 años;2012;380
África;De 30 a 34 años;2011;444
África;De 35 a 39 años;2023;506
África;De 35 a 39 años;2022;461
África;De 35 a 39 años;2021;468
África;De 35 a 39 años;2020;414
África;De 35 a 39 años;2019;413
África;De 35 a 39 años;2018;411
África;De 35 a 39 años;2017;360
África;De 35 a 39 años;2016;350
África;De 35 a 39 años;2015;320
África;De 35 a 39 años;2014;338
África;De 35 a 39 años;2013;282
África;De 35 a 39 años;2012;335
África;De 35 a 39 años;2011;316
África;De 40 a 44 años;2023;367
África;De 40 a 44 años;2022;357
África;De 40 a 44 años;2021;314
África;De 40 a 44 años;2020;298
África;De 40 a 44 años;2019;307
África;De 40 a 44 años;2018;245
África;De 40 a 44 años;2017;228
África;De 40 a 44 años;2016;230
África;De 40 a 44 años;2015;202
África;De 40 a 44 años;2014;183
África;De 40 a 44 años;2013;183
África;De 40 a 44 años;2012;189
África;De 40 a 44 años;2011;175
África;De 45 a 49 años;2023;234
África;De 45 a 49 años;2022;219
África;De 45 a 49 años;2021;169
África;De 45 a 49 años;2020;157
África;De 45 a 49 años;2019;163
África;De 45 a 49 años;2018;153
África;De 45 a 49 años;2017;123
África;De 45 a 49 años;2016;128
África;De 45 a 49 años;2015;134
África;De 45 a 49 años;2014;106
África;De 45 a 49 años;2013;113
África;De 45 a 49 años;2012;97
África;De 45 a 49 años;2011;108
África;De 50 a 54 años;2023;106
África;De 50 a 54 años;2022;86
África;De 50 a 54 años;2021;77
África;De 50 a 54 años;2020;93
África;De 50 a 54 años;2019;64
África;De 50 a 54 años;2018;80
África;De 50 a 54 años;2017;61
África;De 50 a 54 años;2016;56
África;De 50 a 54 años;2015;47
África;De 50 a 54 años;2014;43
África;De 50 a 54 años;2013;51
África;De 50 a 54 años;2012;41
África;De 50 a 54 años;2011;41
África;De 55 a 59 años;2023;43
África;De 55 a 59 años;2022;33
África;De 55 a 59 años;2021;30
África;De 55 a 59 años;2020;24
África;De 55 a 59 años;2019;23
África;De 55 a 59 años;2018;21
África;De 55 a 59 años;2017;23
África;De 55 a 59 años;2016;18
África;De 55 a 59 años;2015;14
África;De 55 a 59 años;2014;22
África;De 55 a 59 años;2013;9
África;De 55 a 59 años;2012;10
África;De 55 a 59 años;2011;15
África;De 60 a 64 años;2023;13
África;De 60 a 64 años;2022;11
África;De 60 a 64 años;2021;9
África;De 60 a 64 años;2020;11
África;De 60 a 64 años;2019;13
África;De 60 a 64 años;2018;7
África;De 60 a 64 años;2017;6
África;De 60 a 64 años;2016;3
África;De 60 a 64 años;2015;8
África;De 60 a 64 años;2014;5
África;De 60 a 64 años;2013;6
África;De 60 a 64 años;2012;2
África;De 60 a 64 años;2011;9
África;De 65 a 69 años;2023;4
África;De 65 a 69 años;2022;4
África;De 65 a 69 años;2021;3
África;De 65 a 69 años;2020;5
África;De 65 a 69 años;2019;3
África;De 65 a 69 años;2018;5
África;De 65 a 69 años;2017;6
África;De 65 a 69 años;2016;4
África;De 65 a 69 años;2015;3
África;De 65 a 69 años;2014;2
África;De 65 a 69 años;2013;2
África;De 65 a 69 años;2012;1
África;De 65 a 69 años;2011;3
África;De 70 a 74 años  ;2023;0
África;De 70 a 74 años  ;2022;0
África;De 70 a 74 años  ;2021;0
África;De 70 a 74 años  ;2020;3
África;De 70 a 74 años  ;2019;1
África;De 70 a 74 años  ;2018;1
África;De 70 a 74 años  ;2017;0
África;De 70 a 74 años  ;2016;2
África;De 70 a 74 años  ;2015;1
África;De 70 a 74 años  ;2014;2
África;De 70 a 74 años  ;2013;0
África;De 70 a 74 años  ;2012;1
África;De 70 a 74 años  ;2011;0
África;75 y más años;2023;1
África;75 y más años;2022;3
África;75 y más años;2021;1
África;75 y más años;2020;2
África;75 y más años;2019;1
África;75 y más años;2018;2
África;75 y más años;2017;0
África;75 y más años;2016;0
África;75 y más años;2015;0
África;75 y más años;2014;0
África;75 y más años;2013;1
África;75 y más años;2012;2
África;75 y más años;2011;0
América;Todas las edades;2023;7.788
América;Todas las edades;2022;6.383
América;Todas las edades;2021;5.707
América;Todas las edades;2020;5.476
América;Todas las edades;2019;5.765
América;Todas las edades;2018;5.108
América;Todas las edades;2017;4.379
América;Todas las edades;2016;3.928
América;Todas las edades;2015;3.805
América;Todas las edades;2014;3.762
América;Todas las edades;2013;4.001
América;Todas las edades;2012;4.629
América;Todas las edades;2011;5.506
América;Menos de 18 años;2023;39
América;Menos de 18 años;2022;30
América;Menos de 18 años;2021;35
América;Menos de 18 años;2020;47
América;Menos de 18 años;2019;63
América;Menos de 18 años;2018;68
América;Menos de 18 años;2017;66
América;Menos de 18 años;2016;62
América;Menos de 18 años;2015;62
América;Menos de 18 años;2014;58
América;Menos de 18 años;2013;58
América;Menos de 18 años;2012;67
América;Menos de 18 años;2011;75
América;De 18 a 19 años;2023;99
América;De 18 a 19 años;2022;81
América;De 18 a 19 años;2021;109
América;De 18 a 19 años;2020;114
América;De 18 a 19 años;2019;168
América;De 18 a 19 años;2018;171
América;De 18 a 19 años;2017;126
América;De 18 a 19 años;2016;138
América;De 18 a 19 años;2015;131
América;De 18 a 19 años;2014;134
América;De 18 a 19 años;2013;142
América;De 18 a 19 años;2012;154
América;De 18 a 19 años;2011;155
América;De 20 a 24 años;2023;895
América;De 20 a 24 años;2022;772
América;De 20 a 24 años;2021;754
América;De 20 a 24 años;2020;778
América;De 20 a 24 años;2019;823
América;De 20 a 24 años;2018;733
América;De 20 a 24 años;2017;598
América;De 20 a 24 años;2016;528
América;De 20 a 24 años;2015;468
América;De 20 a 24 años;2014;470
América;De 20 a 24 años;2013;490
América;De 20 a 24 años;2012;547
América;De 20 a 24 años;2011;731
América;De 25 a 29 años;2023;1.434
América;De 25 a 29 años;2022;1.217
América;De 25 a 29 años;2021;1.048
América;De 25 a 29 años;2020;961
América;De 25 a 29 años;2019;962
América;De 25 a 29 años;2018;834
América;De 25 a 29 años;2017;648
América;De 25 a 29 años;2016;534
América;De 25 a 29 años;2015;559
América;De 25 a 29 años;2014;606
América;De 25 a 29 años;2013;686
América;De 25 a 29 años;2012;886
América;De 25 a 29 años;2011;1.065
América;De 30 a 34 años;2023;1.369
América;De 30 a 34 años;2022;1.147
América;De 30 a 34 años;2021;976
América;De 30 a 34 años;2020;911
América;De 30 a 34 años;2019;1.005
América;De 30 a 34 años;2018;869
América;De 30 a 34 años;2017;783
América;De 30 a 34 años;2016;757
América;De 30 a 34 años;2015;766
América;De 30 a 34 años;2014;831
América;De 30 a 34 años;2013;899
América;De 30 a 34 años;2012;1.047
América;De 30 a 34 años;2011;1.284
América;De 35 a 39 años;2023;1.415
América;De 35 a 39 años;2022;1.087
América;De 35 a 39 años;2021;1.008
América;De 35 a 39 años;2020;967
América;De 35 a 39 años;2019;1.088
América;De 35 a 39 años;2018;963
América;De 35 a 39 años;2017;891
América;De 35 a 39 años;2016;807
América;De 35 a 39 años;2015;814
América;De 35 a 39 años;2014;736
América;De 35 a 39 años;2013;763
América;De 35 a 39 años;2012;876
América;De 35 a 39 años;2011;1.000
América;De 40 a 44 años;2023;1.169
América;De 40 a 44 años;2022;1.009
América;De 40 a 44 años;2021;859
América;De 40 a 44 años;2020;859
América;De 40 a 44 años;2019;824
América;De 40 a 44 años;2018;725
América;De 40 a 44 años;2017;631
América;De 40 a 44 años;2016;559
América;De 40 a 44 años;2015;499
América;De 40 a 44 años;2014;502
América;De 40 a 44 años;2013;528
América;De 40 a 44 años;2012;569
América;De 40 a 44 años;2011;651
América;De 45 a 49 años;2023;732
América;De 45 a 49 años;2022;544
América;De 45 a 49 años;2021;480
América;De 45 a 49 años;2020;465
América;De 45 a 49 años;2019;477
América;De 45 a 49 años;2018;390
América;De 45 a 49 años;2017;348
América;De 45 a 49 años;2016;299
América;De 45 a 49 años;2015;269
América;De 45 a 49 años;2014;250
América;De 45 a 49 años;2013;257
América;De 45 a 49 años;2012;292
América;De 45 a 49 años;2011;316
América;De 50 a 54 años;2023;382
América;De 50 a 54 años;2022;310
América;De 50 a 54 años;2021;260
América;De 50 a 54 años;2020;220
América;De 50 a 54 años;2019;222
América;De 50 a 54 años;2018;237
América;De 50 a 54 años;2017;188
América;De 50 a 54 años;2016;128
América;De 50 a 54 años;2015;153
América;De 50 a 54 años;2014;108
América;De 50 a 54 años;2013;104
América;De 50 a 54 años;2012;125
América;De 50 a 54 años;2011;145
América;De 55 a 59 años;2023;150
América;De 55 a 59 años;2022;111
América;De 55 a 59 años;2021;109
América;De 55 a 59 años;2020;95
América;De 55 a 59 años;2019;83
América;De 55 a 59 años;2018;77
América;De 55 a 59 años;2017;70
América;De 55 a 59 años;2016;79
América;De 55 a 59 años;2015;60
América;De 55 a 59 años;2014;45
América;De 55 a 59 años;2013;43
América;De 55 a 59 años;2012;42
América;De 55 a 59 años;2011;46
América;De 60 a 64 años;2023;69
América;De 60 a 64 años;2022;46
América;De 60 a 64 años;2021;45
América;De 60 a 64 años;2020;34
América;De 60 a 64 años;2019;36
América;De 60 a 64 años;2018;22
América;De 60 a 64 años;2017;21
América;De 60 a 64 años;2016;25
América;De 60 a 64 años;2015;16
América;De 60 a 64 años;2014;18
América;De 60 a 64 años;2013;15
América;De 60 a 64 años;2012;16
América;De 60 a 64 años;2011;26
América;De 65 a 69 años;2023;23
América;De 65 a 69 años;2022;25
América;De 65 a 69 años;2021;15
América;De 65 a 69 años;2020;18
América;De 65 a 69 años;2019;7
América;De 65 a 69 años;2018;12
América;De 65 a 69 años;2017;9
América;De 65 a 69 años;2016;7
América;De 65 a 69 años;2015;6
América;De 65 a 69 años;2014;4
América;De 65 a 69 años;2013;8
América;De 65 a 69 años;2012;5
América;De 65 a 69 años;2011;9
América;De 70 a 74 años  ;2023;10
América;De 70 a 74 años  ;2022;3
América;De 70 a 74 años  ;2021;7
América;De 70 a 74 años  ;2020;6
América;De 70 a 74 años  ;2019;5
América;De 70 a 74 años  ;2018;5
América;De 70 a 74 años  ;2017;0
América;De 70 a 74 años  ;2016;4
América;De 70 a 74 años  ;2015;2
América;De 70 a 74 años  ;2014;0
América;De 70 a 74 años  ;2013;2
América;De 70 a 74 años  ;2012;2
América;De 70 a 74 años  ;2011;1
América;75 y más años;2023;2
América;75 y más años;2022;1
América;75 y más años;2021;2
América;75 y más años;2020;1
América;75 y más años;2019;2
América;75 y más años;2018;2
América;75 y más años;2017;0
América;75 y más años;2016;1
América;75 y más años;2015;0
América;75 y más años;2014;0
América;75 y más años;2013;6
América;75 y más años;2012;1
América;75 y más años;2011;2
Asia;Todas las edades;2023;285
Asia;Todas las edades;2022;213
Asia;Todas las edades;2021;219
Asia;Todas las edades;2020;236
Asia;Todas las edades;2019;259
Asia;Todas las edades;2018;218
Asia;Todas las edades;2017;204
Asia;Todas las edades;2016;195
Asia;Todas las edades;2015;201
Asia;Todas las edades;2014;174
Asia;Todas las edades;2013;179
Asia;Todas las edades;2012;181
Asia;Todas las edades;2011;184
Asia;Menos de 18 años;2023;1
Asia;Menos de 18 años;2022;2
Asia;Menos de 18 años;2021;3
Asia;Menos de 18 años;2020;0
Asia;Menos de 18 años;2019;1
Asia;Menos de 18 años;2018;4
Asia;Menos de 18 años;2017;0
Asia;Menos de 18 años;2016;0
Asia;Menos de 18 años;2015;2
Asia;Menos de 18 años;2014;1
Asia;Menos de 18 años;2013;3
Asia;Menos de 18 años;2012;0
Asia;Menos de 18 años;2011;0
Asia;De 18 a 19 años;2023;6
Asia;De 18 a 19 años;2022;1
Asia;De 18 a 19 años;2021;5
Asia;De 18 a 19 años;2020;3
Asia;De 18 a 19 años;2019;4
Asia;De 18 a 19 años;2018;4
Asia;De 18 a 19 años;2017;5
Asia;De 18 a 19 años;2016;4
Asia;De 18 a 19 años;2015;2
Asia;De 18 a 19 años;2014;1
Asia;De 18 a 19 años;2013;0
Asia;De 18 a 19 años;2012;2
Asia;De 18 a 19 años;2011;1
Asia;De 20 a 24 años;2023;22
Asia;De 20 a 24 años;2022;20
Asia;De 20 a 24 años;2021;19
Asia;De 20 a 24 años;2020;11
Asia;De 20 a 24 años;2019;24
Asia;De 20 a 24 años;2018;18
Asia;De 20 a 24 años;2017;14
Asia;De 20 a 24 años;2016;19
Asia;De 20 a 24 años;2015;12
Asia;De 20 a 24 años;2014;16
Asia;De 20 a 24 años;2013;16
Asia;De 20 a 24 años;2012;12
Asia;De 20 a 24 años;2011;12
Asia;De 25 a 29 años;2023;40
Asia;De 25 a 29 años;2022;28
Asia;De 25 a 29 años;2021;31
Asia;De 25 a 29 años;2020;42
Asia;De 25 a 29 años;2019;41
Asia;De 25 a 29 años;2018;43
Asia;De 25 a 29 años;2017;33
Asia;De 25 a 29 años;2016;40
Asia;De 25 a 29 años;2015;27
Asia;De 25 a 29 años;2014;22
Asia;De 25 a 29 años;2013;22
Asia;De 25 a 29 años;2012;31
Asia;De 25 a 29 años;2011;29
Asia;De 30 a 34 años;2023;40
Asia;De 30 a 34 años;2022;41
Asia;De 30 a 34 años;2021;36
Asia;De 30 a 34 años;2020;43
Asia;De 30 a 34 años;2019;52
Asia;De 30 a 34 años;2018;36
Asia;De 30 a 34 años;2017;43
Asia;De 30 a 34 años;2016;33
Asia;De 30 a 34 años;2015;60
Asia;De 30 a 34 años;2014;35
Asia;De 30 a 34 años;2013;25
Asia;De 30 a 34 años;2012;45
Asia;De 30 a 34 años;2011;39
Asia;De 35 a 39 años;2023;64
Asia;De 35 a 39 años;2022;50
Asia;De 35 a 39 años;2021;50
Asia;De 35 a 39 años;2020;43
Asia;De 35 a 39 años;2019;51
Asia;De 35 a 39 años;2018;40
Asia;De 35 a 39 años;2017;46
Asia;De 35 a 39 años;2016;37
Asia;De 35 a 39 años;2015;40
Asia;De 35 a 39 años;2014;38
Asia;De 35 a 39 años;2013;47
Asia;De 35 a 39 años;2012;44
Asia;De 35 a 39 años;2011;48
Asia;De 40 a 44 años;2023;53
Asia;De 40 a 44 años;2022;34
Asia;De 40 a 44 años;2021;43
Asia;De 40 a 44 años;2020;52
Asia;De 40 a 44 años;2019;43
Asia;De 40 a 44 años;2018;33
Asia;De 40 a 44 años;2017;29
Asia;De 40 a 44 años;2016;28
Asia;De 40 a 44 años;2015;25
Asia;De 40 a 44 años;2014;33
Asia;De 40 a 44 años;2013;34
Asia;De 40 a 44 años;2012;19
Asia;De 40 a 44 años;2011;27
Asia;De 45 a 49 años;2023;31
Asia;De 45 a 49 años;2022;24
Asia;De 45 a 49 años;2021;12
Asia;De 45 a 49 años;2020;21
Asia;De 45 a 49 años;2019;25
Asia;De 45 a 49 años;2018;18
Asia;De 45 a 49 años;2017;17
Asia;De 45 a 49 años;2016;21
Asia;De 45 a 49 años;2015;19
Asia;De 45 a 49 años;2014;18
Asia;De 45 a 49 años;2013;13
Asia;De 45 a 49 años;2012;17
Asia;De 45 a 49 años;2011;16
Asia;De 50 a 54 años;2023;17
Asia;De 50 a 54 años;2022;2
Asia;De 50 a 54 años;2021;12
Asia;De 50 a 54 años;2020;14
Asia;De 50 a 54 años;2019;8
Asia;De 50 a 54 años;2018;14
Asia;De 50 a 54 años;2017;9
Asia;De 50 a 54 años;2016;10
Asia;De 50 a 54 años;2015;8
Asia;De 50 a 54 años;2014;6
Asia;De 50 a 54 años;2013;10
Asia;De 50 a 54 años;2012;6
Asia;De 50 a 54 años;2011;7
Asia;De 55 a 59 años;2023;7
Asia;De 55 a 59 años;2022;7
Asia;De 55 a 59 años;2021;6
Asia;De 55 a 59 años;2020;3
Asia;De 55 a 59 años;2019;6
Asia;De 55 a 59 años;2018;6
Asia;De 55 a 59 años;2017;3
Asia;De 55 a 59 años;2016;1
Asia;De 55 a 59 años;2015;3
Asia;De 55 a 59 años;2014;3
Asia;De 55 a 59 años;2013;6
Asia;De 55 a 59 años;2012;2
Asia;De 55 a 59 años;2011;1
Asia;De 60 a 64 años;2023;2
Asia;De 60 a 64 años;2022;2
Asia;De 60 a 64 años;2021;2
Asia;De 60 a 64 años;2020;1
Asia;De 60 a 64 años;2019;2
Asia;De 60 a 64 años;2018;2
Asia;De 60 a 64 años;2017;3
Asia;De 60 a 64 años;2016;1
Asia;De 60 a 64 años;2015;0
Asia;De 60 a 64 años;2014;0
Asia;De 60 a 64 años;2013;3
Asia;De 60 a 64 años;2012;2
Asia;De 60 a 64 años;2011;0
Asia;De 65 a 69 años;2023;2
Asia;De 65 a 69 años;2022;2
Asia;De 65 a 69 años;2021;0
Asia;De 65 a 69 años;2020;2
Asia;De 65 a 69 años;2019;1
Asia;De 65 a 69 años;2018;0
Asia;De 65 a 69 años;2017;2
Asia;De 65 a 69 años;2016;0
Asia;De 65 a 69 años;2015;3
Asia;De 65 a 69 años;2014;1
Asia;De 65 a 69 años;2013;0
Asia;De 65 a 69 años;2012;1
Asia;De 65 a 69 años;2011;1
Asia;De 70 a 74 años  ;2023;0
Asia;De 70 a 74 años  ;2022;0
Asia;De 70 a 74 años  ;2021;0
Asia;De 70 a 74 años  ;2020;1
Asia;De 70 a 74 años  ;2019;1
Asia;De 70 a 74 años  ;2018;0
Asia;De 70 a 74 años  ;2017;0
Asia;De 70 a 74 años  ;2016;1
Asia;De 70 a 74 años  ;2015;0
Asia;De 70 a 74 años  ;2014;0
Asia;De 70 a 74 años  ;2013;0
Asia;De 70 a 74 años  ;2012;0
Asia;De 70 a 74 años  ;2011;3
Asia;75 y más años;2023;0
Asia;75 y más años;2022;0
Asia;75 y más años;2021;0
Asia;75 y más años;2020;0
Asia;75 y más años;2019;0
Asia;75 y más años;2018;0
Asia;75 y más años;2017;0
Asia;75 y más años;2016;0
Asia;75 y más años;2015;0
Asia;75 y más años;2014;0
Asia;75 y más años;2013;0
Asia;75 y más años;2012;0
Asia;75 y más años;2011;0
Oceanía ;Todas las edades;2023;7
Oceanía ;Todas las edades;2022;3
Oceanía ;Todas las edades;2021;7
Oceanía ;Todas las edades;2020;3
Oceanía ;Todas las edades;2019;7
Oceanía ;Todas las edades;2018;6
Oceanía ;Todas las edades;2017;4
Oceanía ;Todas las edades;2016;3
Oceanía ;Todas las edades;2015;1
Oceanía ;Todas las edades;2014;4
Oceanía ;Todas las edades;2013;12
Oceanía ;Todas las edades;2012;15
Oceanía ;Todas las edades;2011;16
Oceanía ;Menos de 18 años;2023;0
Oceanía ;Menos de 18 años;2022;0
Oceanía ;Menos de 18 años;2021;0
Oceanía ;Menos de 18 años;2020;0
Oceanía ;Menos de 18 años;2019;0
Oceanía ;Menos de 18 años;2018;0
Oceanía ;Menos de 18 años;2017;0
Oceanía ;Menos de 18 años;2016;0
Oceanía ;Menos de 18 años;2015;0
Oceanía ;Menos de 18 años;2014;0
Oceanía ;Menos de 18 años;2013;0
Oceanía ;Menos de 18 años;2012;0
Oceanía ;Menos de 18 años;2011;0
Oceanía ;De 18 a 19 años;2023;0
Oceanía ;De 18 a 19 años;2022;0
Oceanía ;De 18 a 19 años;2021;0
Oceanía ;De 18 a 19 años;2020;0
Oceanía ;De 18 a 19 años;2019;0
Oceanía ;De 18 a 19 años;2018;0
Oceanía ;De 18 a 19 años;2017;0
Oceanía ;De 18 a 19 años;2016;0
Oceanía ;De 18 a 19 años;2015;0
Oceanía ;De 18 a 19 años;2014;0
Oceanía ;De 18 a 19 años;2013;0
Oceanía ;De 18 a 19 años;2012;1
Oceanía ;De 18 a 19 años;2011;1
Oceanía ;De 20 a 24 años;2023;1
Oceanía ;De 20 a 24 años;2022;0
Oceanía ;De 20 a 24 años;2021;0
Oceanía ;De 20 a 24 años;2020;0
Oceanía ;De 20 a 24 años;2019;1
Oceanía ;De 20 a 24 años;2018;0
Oceanía ;De 20 a 24 años;2017;0
Oceanía ;De 20 a 24 años;2016;0
Oceanía ;De 20 a 24 años;2015;0
Oceanía ;De 20 a 24 años;2014;1
Oceanía ;De 20 a 24 años;2013;0
Oceanía ;De 20 a 24 años;2012;1
Oceanía ;De 20 a 24 años;2011;3
Oceanía ;De 25 a 29 años;2023;1
Oceanía ;De 25 a 29 años;2022;0
Oceanía ;De 25 a 29 años;2021;1
Oceanía ;De 25 a 29 años;2020;0
Oceanía ;De 25 a 29 años;2019;0
Oceanía ;De 25 a 29 años;2018;1
Oceanía ;De 25 a 29 años;2017;0
Oceanía ;De 25 a 29 años;2016;0
Oceanía ;De 25 a 29 años;2015;0
Oceanía ;De 25 a 29 años;2014;0
Oceanía ;De 25 a 29 años;2013;2
Oceanía ;De 25 a 29 años;2012;3
Oceanía ;De 25 a 29 años;2011;3
Oceanía ;De 30 a 34 años;2023;0
Oceanía ;De 30 a 34 años;2022;0
Oceanía ;De 30 a 34 años;2021;0
Oceanía ;De 30 a 34 años;2020;0
Oceanía ;De 30 a 34 años;2019;1
Oceanía ;De 30 a 34 años;2018;1
Oceanía ;De 30 a 34 años;2017;0
Oceanía ;De 30 a 34 años;2016;0
Oceanía ;De 30 a 34 años;2015;0
Oceanía ;De 30 a 34 años;2014;0
Oceanía ;De 30 a 34 años;2013;1
Oceanía ;De 30 a 34 años;2012;2
Oceanía ;De 30 a 34 años;2011;4
Oceanía ;De 35 a 39 años;2023;0
Oceanía ;De 35 a 39 años;2022;1
Oceanía ;De 35 a 39 años;2021;1
Oceanía ;De 35 a 39 años;2020;0
Oceanía ;De 35 a 39 años;2019;1
Oceanía ;De 35 a 39 años;2018;0
Oceanía ;De 35 a 39 años;2017;2
Oceanía ;De 35 a 39 años;2016;1
Oceanía ;De 35 a 39 años;2015;1
Oceanía ;De 35 a 39 años;2014;1
Oceanía ;De 35 a 39 años;2013;3
Oceanía ;De 35 a 39 años;2012;4
Oceanía ;De 35 a 39 años;2011;1
Oceanía ;De 40 a 44 años;2023;0
Oceanía ;De 40 a 44 años;2022;0
Oceanía ;De 40 a 44 años;2021;2
Oceanía ;De 40 a 44 años;2020;3
Oceanía ;De 40 a 44 años;2019;1
Oceanía ;De 40 a 44 años;2018;2
Oceanía ;De 40 a 44 años;2017;2
Oceanía ;De 40 a 44 años;2016;0
Oceanía ;De 40 a 44 años;2015;0
Oceanía ;De 40 a 44 años;2014;1
Oceanía ;De 40 a 44 años;2013;3
Oceanía ;De 40 a 44 años;2012;2
Oceanía ;De 40 a 44 años;2011;1
Oceanía ;De 45 a 49 años;2023;2
Oceanía ;De 45 a 49 años;2022;1
Oceanía ;De 45 a 49 años;2021;1
Oceanía ;De 45 a 49 años;2020;0
Oceanía ;De 45 a 49 años;2019;2
Oceanía ;De 45 a 49 años;2018;2
Oceanía ;De 45 a 49 años;2017;0
Oceanía ;De 45 a 49 años;2016;2
Oceanía ;De 45 a 49 años;2015;0
Oceanía ;De 45 a 49 años;2014;0
Oceanía ;De 45 a 49 años;2013;2
Oceanía ;De 45 a 49 años;2012;1
Oceanía ;De 45 a 49 años;2011;3
Oceanía ;De 50 a 54 años;2023;1
Oceanía ;De 50 a 54 años;2022;1
Oceanía ;De 50 a 54 años;2021;1
Oceanía ;De 50 a 54 años;2020;0
Oceanía ;De 50 a 54 años;2019;1
Oceanía ;De 50 a 54 años;2018;0
Oceanía ;De 50 a 54 años;2017;0
Oceanía ;De 50 a 54 años;2016;0
Oceanía ;De 50 a 54 años;2015;0
Oceanía ;De 50 a 54 años;2014;1
Oceanía ;De 50 a 54 años;2013;1
Oceanía ;De 50 a 54 años;2012;0
Oceanía ;De 50 a 54 años;2011;0
Oceanía ;De 55 a 59 años;2023;1
Oceanía ;De 55 a 59 años;2022;0
Oceanía ;De 55 a 59 años;2021;1
Oceanía ;De 55 a 59 años;2020;0
Oceanía ;De 55 a 59 años;2019;0
Oceanía ;De 55 a 59 años;2018;0
Oceanía ;De 55 a 59 años;2017;0
Oceanía ;De 55 a 59 años;2016;0
Oceanía ;De 55 a 59 años;2015;0
Oceanía ;De 55 a 59 años;2014;0
Oceanía ;De 55 a 59 años;2013;0
Oceanía ;De 55 a 59 años;2012;1
Oceanía ;De 55 a 59 años;2011;0
Oceanía ;De 60 a 64 años;2023;1
Oceanía ;De 60 a 64 años;2022;0
Oceanía ;De 60 a 64 años;2021;0
Oceanía ;De 60 a 64 años;2020;0
Oceanía ;De 60 a 64 años;2019;0
Oceanía ;De 60 a 64 años;2018;0
Oceanía ;De 60 a 64 años;2017;0
Oceanía ;De 60 a 64 años;2016;0
Oceanía ;De 60 a 64 años;2015;0
Oceanía ;De 60 a 64 años;2014;0
Oceanía ;De 60 a 64 años;2013;0
Oceanía ;De 60 a 64 años;2012;0
Oceanía ;De 60 a 64 años;2011;0
Oceanía ;De 65 a 69 años;2023;0
Oceanía ;De 65 a 69 años;2022;0
Oceanía ;De 65 a 69 años;2021;0
Oceanía ;De 65 a 69 años;2020;0
Oceanía ;De 65 a 69 años;2019;0
Oceanía ;De 65 a 69 años;2018;0
Oceanía ;De 65 a 69 años;2017;0
Oceanía ;De 65 a 69 años;2016;0
Oceanía ;De 65 a 69 años;2015;0
Oceanía ;De 65 a 69 años;2014;0
Oceanía ;De 65 a 69 años;2013;0
Oceanía ;De 65 a 69 años;2012;0
Oceanía ;De 65 a 69 años;2011;0
Oceanía ;De 70 a 74 años  ;2023;0
Oceanía ;De 70 a 74 años  ;2022;0
Oceanía ;De 70 a 74 años  ;2021;0
Oceanía ;De 70 a 74 años  ;2020;0
Oceanía ;De 70 a 74 años  ;2019;0
Oceanía ;De 70 a 74 años  ;2018;0
Oceanía ;De 70 a 74 años  ;2017;0
Oceanía ;De 70 a 74 años  ;2016;0
Oceanía ;De 70 a 74 años  ;2015;0
Oceanía ;De 70 a 74 años  ;2014;0
Oceanía ;De 70 a 74 años  ;2013;0
Oceanía ;De 70 a 74 años  ;2012;0
Oceanía ;De 70 a 74 años  ;2011;0
Oceanía ;75 y más años;2023;0
Oceanía ;75 y más años;2022;0
Oceanía ;75 y más años;2021;0
Oceanía ;75 y más años;2020;0
Oceanía ;75 y más años;2019;0
Oceanía ;75 y más años;2018;0
Oceanía ;75 y más años;2017;0
Oceanía ;75 y más años;2016;0
Oceanía ;75 y más años;2015;0
Oceanía ;75 y más años;2014;0
Oceanía ;75 y más años;2013;0
Oceanía ;75 y más años;2012;0
Oceanía ;75 y más años;2011;0
