Comunidades y ciudades autónomas;Grupo de edad ;Periodo;Total
Total Nacional;Todas las edades;2023;""
Total Nacional;Todas las edades;2022;""
Total Nacional;Todas las edades;2021;4.263
Total Nacional;Todas las edades;2020;3.489
Total Nacional;Todas las edades;2019;5.149
Total Nacional;Todas las edades;2018;5.025
Total Nacional;Todas las edades;2017;6.181
Total Nacional;Todas las edades;2016;6.288
Total Nacional;Todas las edades;2015;6.768
Total Nacional;Menos de 18 años;2023;""
Total Nacional;Menos de 18 años;2022;""
Total Nacional;Menos de 18 años;2021;1
Total Nacional;Menos de 18 años;2020;3
Total Nacional;Menos de 18 años;2019;4
Total Nacional;Menos de 18 años;2018;7
Total Nacional;Menos de 18 años;2017;8
Total Nacional;Menos de 18 años;2016;6
Total Nacional;Menos de 18 años;2015;6
Total Nacional;De 18 a 24 años;2023;""
Total Nacional;De 18 a 24 años;2022;""
Total Nacional;De 18 a 24 años;2021;348
Total Nacional;De 18 a 24 años;2020;302
Total Nacional;De 18 a 24 años;2019;445
Total Nacional;De 18 a 24 años;2018;423
Total Nacional;De 18 a 24 años;2017;556
Total Nacional;De 18 a 24 años;2016;526
Total Nacional;De 18 a 24 años;2015;581
Total Nacional;De 25 a 44 años;2023;""
Total Nacional;De 25 a 44 años;2022;""
Total Nacional;De 25 a 44 años;2021;2.526
Total Nacional;De 25 a 44 años;2020;2.096
Total Nacional;De 25 a 44 años;2019;3.174
Total Nacional;De 25 a 44 años;2018;3.077
Total Nacional;De 25 a 44 años;2017;3.885
Total Nacional;De 25 a 44 años;2016;3.949
Total Nacional;De 25 a 44 años;2015;4.262
Total Nacional;De 45 a 64 años;2023;""
Total Nacional;De 45 a 64 años;2022;""
Total Nacional;De 45 a 64 años;2021;1.233
Total Nacional;De 45 a 64 años;2020;972
Total Nacional;De 45 a 64 años;2019;1.352
Total Nacional;De 45 a 64 años;2018;1.368
Total Nacional;De 45 a 64 años;2017;1.543
Total Nacional;De 45 a 64 años;2016;1.581
Total Nacional;De 45 a 64 años;2015;1.714
Total Nacional;65 y más años;2023;""
Total Nacional;65 y más años;2022;""
Total Nacional;65 y más años;2021;155
Total Nacional;65 y más años;2020;116
Total Nacional;65 y más años;2019;174
Total Nacional;65 y más años;2018;150
Total Nacional;65 y más años;2017;189
Total Nacional;65 y más años;2016;226
Total Nacional;65 y más años;2015;205
Andalucía;Todas las edades;2023;""
Andalucía;Todas las edades;2022;""
Andalucía;Todas las edades;2021;969
Andalucía;Todas las edades;2020;777
Andalucía;Todas las edades;2019;1.237
Andalucía;Todas las edades;2018;1.197
Andalucía;Todas las edades;2017;1.676
Andalucía;Todas las edades;2016;1.603
Andalucía;Todas las edades;2015;1.567
Andalucía;Menos de 18 años;2023;""
Andalucía;Menos de 18 años;2022;""
Andalucía;Menos de 18 años;2021;0
Andalucía;Menos de 18 años;2020;0
Andalucía;Menos de 18 años;2019;1
Andalucía;Menos de 18 años;2018;3
Andalucía;Menos de 18 años;2017;2
Andalucía;Menos de 18 años;2016;3
Andalucía;Menos de 18 años;2015;1
Andalucía;De 18 a 24 años;2023;""
Andalucía;De 18 a 24 años;2022;""
Andalucía;De 18 a 24 años;2021;86
Andalucía;De 18 a 24 años;2020;57
Andalucía;De 18 a 24 años;2019;112
Andalucía;De 18 a 24 años;2018;103
Andalucía;De 18 a 24 años;2017;139
Andalucía;De 18 a 24 años;2016;153
Andalucía;De 18 a 24 años;2015;154
Andalucía;De 25 a 44 años;2023;""
Andalucía;De 25 a 44 años;2022;""
Andalucía;De 25 a 44 años;2021;576
Andalucía;De 25 a 44 años;2020;487
Andalucía;De 25 a 44 años;2019;777
Andalucía;De 25 a 44 años;2018;720
Andalucía;De 25 a 44 años;2017;1.055
Andalucía;De 25 a 44 años;2016;1.032
Andalucía;De 25 a 44 años;2015;951
Andalucía;De 45 a 64 años;2023;""
Andalucía;De 45 a 64 años;2022;""
Andalucía;De 45 a 64 años;2021;276
Andalucía;De 45 a 64 años;2020;208
Andalucía;De 45 a 64 años;2019;308
Andalucía;De 45 a 64 años;2018;339
Andalucía;De 45 a 64 años;2017;418
Andalucía;De 45 a 64 años;2016;355
Andalucía;De 45 a 64 años;2015;418
Andalucía;65 y más años;2023;""
Andalucía;65 y más años;2022;""
Andalucía;65 y más años;2021;31
Andalucía;65 y más años;2020;25
Andalucía;65 y más años;2019;39
Andalucía;65 y más años;2018;32
Andalucía;65 y más años;2017;62
Andalucía;65 y más años;2016;60
Andalucía;65 y más años;2015;43
Aragón;Todas las edades;2023;""
Aragón;Todas las edades;2022;""
Aragón;Todas las edades;2021;89
Aragón;Todas las edades;2020;60
Aragón;Todas las edades;2019;96
Aragón;Todas las edades;2018;102
Aragón;Todas las edades;2017;169
Aragón;Todas las edades;2016;142
Aragón;Todas las edades;2015;108
Aragón;Menos de 18 años;2023;""
Aragón;Menos de 18 años;2022;""
Aragón;Menos de 18 años;2021;0
Aragón;Menos de 18 años;2020;0
Aragón;Menos de 18 años;2019;0
Aragón;Menos de 18 años;2018;0
Aragón;Menos de 18 años;2017;0
Aragón;Menos de 18 años;2016;0
Aragón;Menos de 18 años;2015;0
Aragón;De 18 a 24 años;2023;""
Aragón;De 18 a 24 años;2022;""
Aragón;De 18 a 24 años;2021;2
Aragón;De 18 a 24 años;2020;6
Aragón;De 18 a 24 años;2019;6
Aragón;De 18 a 24 años;2018;2
Aragón;De 18 a 24 años;2017;22
Aragón;De 18 a 24 años;2016;8
Aragón;De 18 a 24 años;2015;10
Aragón;De 25 a 44 años;2023;""
Aragón;De 25 a 44 años;2022;""
Aragón;De 25 a 44 años;2021;58
Aragón;De 25 a 44 años;2020;39
Aragón;De 25 a 44 años;2019;54
Aragón;De 25 a 44 años;2018;69
Aragón;De 25 a 44 años;2017;94
Aragón;De 25 a 44 años;2016;86
Aragón;De 25 a 44 años;2015;65
Aragón;De 45 a 64 años;2023;""
Aragón;De 45 a 64 años;2022;""
Aragón;De 45 a 64 años;2021;21
Aragón;De 45 a 64 años;2020;14
Aragón;De 45 a 64 años;2019;34
Aragón;De 45 a 64 años;2018;30
Aragón;De 45 a 64 años;2017;48
Aragón;De 45 a 64 años;2016;43
Aragón;De 45 a 64 años;2015;29
Aragón;65 y más años;2023;""
Aragón;65 y más años;2022;""
Aragón;65 y más años;2021;8
Aragón;65 y más años;2020;1
Aragón;65 y más años;2019;2
Aragón;65 y más años;2018;1
Aragón;65 y más años;2017;5
Aragón;65 y más años;2016;5
Aragón;65 y más años;2015;4
Asturias, Principado de;Todas las edades;2023;""
Asturias, Principado de;Todas las edades;2022;""
Asturias, Principado de;Todas las edades;2021;122
Asturias, Principado de;Todas las edades;2020;105
Asturias, Principado de;Todas las edades;2019;194
Asturias, Principado de;Todas las edades;2018;175
Asturias, Principado de;Todas las edades;2017;206
Asturias, Principado de;Todas las edades;2016;191
Asturias, Principado de;Todas las edades;2015;222
Asturias, Principado de;Menos de 18 años;2023;""
Asturias, Principado de;Menos de 18 años;2022;""
Asturias, Principado de;Menos de 18 años;2021;0
Asturias, Principado de;Menos de 18 años;2020;0
Asturias, Principado de;Menos de 18 años;2019;0
Asturias, Principado de;Menos de 18 años;2018;0
Asturias, Principado de;Menos de 18 años;2017;0
Asturias, Principado de;Menos de 18 años;2016;0
Asturias, Principado de;Menos de 18 años;2015;0
Asturias, Principado de;De 18 a 24 años;2023;""
Asturias, Principado de;De 18 a 24 años;2022;""
Asturias, Principado de;De 18 a 24 años;2021;7
Asturias, Principado de;De 18 a 24 años;2020;8
Asturias, Principado de;De 18 a 24 años;2019;11
Asturias, Principado de;De 18 a 24 años;2018;15
Asturias, Principado de;De 18 a 24 años;2017;19
Asturias, Principado de;De 18 a 24 años;2016;14
Asturias, Principado de;De 18 a 24 años;2015;15
Asturias, Principado de;De 25 a 44 años;2023;""
Asturias, Principado de;De 25 a 44 años;2022;""
Asturias, Principado de;De 25 a 44 años;2021;60
Asturias, Principado de;De 25 a 44 años;2020;56
Asturias, Principado de;De 25 a 44 años;2019;114
Asturias, Principado de;De 25 a 44 años;2018;99
Asturias, Principado de;De 25 a 44 años;2017;120
Asturias, Principado de;De 25 a 44 años;2016;108
Asturias, Principado de;De 25 a 44 años;2015;114
Asturias, Principado de;De 45 a 64 años;2023;""
Asturias, Principado de;De 45 a 64 años;2022;""
Asturias, Principado de;De 45 a 64 años;2021;49
Asturias, Principado de;De 45 a 64 años;2020;36
Asturias, Principado de;De 45 a 64 años;2019;59
Asturias, Principado de;De 45 a 64 años;2018;52
Asturias, Principado de;De 45 a 64 años;2017;57
Asturias, Principado de;De 45 a 64 años;2016;57
Asturias, Principado de;De 45 a 64 años;2015;80
Asturias, Principado de;65 y más años;2023;""
Asturias, Principado de;65 y más años;2022;""
Asturias, Principado de;65 y más años;2021;6
Asturias, Principado de;65 y más años;2020;5
Asturias, Principado de;65 y más años;2019;10
Asturias, Principado de;65 y más años;2018;9
Asturias, Principado de;65 y más años;2017;10
Asturias, Principado de;65 y más años;2016;12
Asturias, Principado de;65 y más años;2015;13
Balears, Illes;Todas las edades;2023;""
Balears, Illes;Todas las edades;2022;""
Balears, Illes;Todas las edades;2021;88
Balears, Illes;Todas las edades;2020;71
Balears, Illes;Todas las edades;2019;124
Balears, Illes;Todas las edades;2018;97
Balears, Illes;Todas las edades;2017;141
Balears, Illes;Todas las edades;2016;105
Balears, Illes;Todas las edades;2015;105
Balears, Illes;Menos de 18 años;2023;""
Balears, Illes;Menos de 18 años;2022;""
Balears, Illes;Menos de 18 años;2021;0
Balears, Illes;Menos de 18 años;2020;0
Balears, Illes;Menos de 18 años;2019;0
Balears, Illes;Menos de 18 años;2018;0
Balears, Illes;Menos de 18 años;2017;1
Balears, Illes;Menos de 18 años;2016;0
Balears, Illes;Menos de 18 años;2015;0
Balears, Illes;De 18 a 24 años;2023;""
Balears, Illes;De 18 a 24 años;2022;""
Balears, Illes;De 18 a 24 años;2021;3
Balears, Illes;De 18 a 24 años;2020;8
Balears, Illes;De 18 a 24 años;2019;10
Balears, Illes;De 18 a 24 años;2018;10
Balears, Illes;De 18 a 24 años;2017;7
Balears, Illes;De 18 a 24 años;2016;8
Balears, Illes;De 18 a 24 años;2015;8
Balears, Illes;De 25 a 44 años;2023;""
Balears, Illes;De 25 a 44 años;2022;""
Balears, Illes;De 25 a 44 años;2021;49
Balears, Illes;De 25 a 44 años;2020;44
Balears, Illes;De 25 a 44 años;2019;76
Balears, Illes;De 25 a 44 años;2018;64
Balears, Illes;De 25 a 44 años;2017;94
Balears, Illes;De 25 a 44 años;2016;70
Balears, Illes;De 25 a 44 años;2015;73
Balears, Illes;De 45 a 64 años;2023;""
Balears, Illes;De 45 a 64 años;2022;""
Balears, Illes;De 45 a 64 años;2021;33
Balears, Illes;De 45 a 64 años;2020;19
Balears, Illes;De 45 a 64 años;2019;35
Balears, Illes;De 45 a 64 años;2018;19
Balears, Illes;De 45 a 64 años;2017;34
Balears, Illes;De 45 a 64 años;2016;25
Balears, Illes;De 45 a 64 años;2015;22
Balears, Illes;65 y más años;2023;""
Balears, Illes;65 y más años;2022;""
Balears, Illes;65 y más años;2021;3
Balears, Illes;65 y más años;2020;0
Balears, Illes;65 y más años;2019;3
Balears, Illes;65 y más años;2018;4
Balears, Illes;65 y más años;2017;5
Balears, Illes;65 y más años;2016;2
Balears, Illes;65 y más años;2015;2
Canarias;Todas las edades;2023;""
Canarias;Todas las edades;2022;""
Canarias;Todas las edades;2021;129
Canarias;Todas las edades;2020;86
Canarias;Todas las edades;2019;123
Canarias;Todas las edades;2018;88
Canarias;Todas las edades;2017;117
Canarias;Todas las edades;2016;217
Canarias;Todas las edades;2015;233
Canarias;Menos de 18 años;2023;""
Canarias;Menos de 18 años;2022;""
Canarias;Menos de 18 años;2021;0
Canarias;Menos de 18 años;2020;0
Canarias;Menos de 18 años;2019;0
Canarias;Menos de 18 años;2018;0
Canarias;Menos de 18 años;2017;0
Canarias;Menos de 18 años;2016;0
Canarias;Menos de 18 años;2015;0
Canarias;De 18 a 24 años;2023;""
Canarias;De 18 a 24 años;2022;""
Canarias;De 18 a 24 años;2021;11
Canarias;De 18 a 24 años;2020;8
Canarias;De 18 a 24 años;2019;8
Canarias;De 18 a 24 años;2018;12
Canarias;De 18 a 24 años;2017;5
Canarias;De 18 a 24 años;2016;19
Canarias;De 18 a 24 años;2015;19
Canarias;De 25 a 44 años;2023;""
Canarias;De 25 a 44 años;2022;""
Canarias;De 25 a 44 años;2021;70
Canarias;De 25 a 44 años;2020;48
Canarias;De 25 a 44 años;2019;71
Canarias;De 25 a 44 años;2018;52
Canarias;De 25 a 44 años;2017;84
Canarias;De 25 a 44 años;2016;136
Canarias;De 25 a 44 años;2015;149
Canarias;De 45 a 64 años;2023;""
Canarias;De 45 a 64 años;2022;""
Canarias;De 45 a 64 años;2021;42
Canarias;De 45 a 64 años;2020;28
Canarias;De 45 a 64 años;2019;39
Canarias;De 45 a 64 años;2018;23
Canarias;De 45 a 64 años;2017;28
Canarias;De 45 a 64 años;2016;58
Canarias;De 45 a 64 años;2015;61
Canarias;65 y más años;2023;""
Canarias;65 y más años;2022;""
Canarias;65 y más años;2021;6
Canarias;65 y más años;2020;2
Canarias;65 y más años;2019;5
Canarias;65 y más años;2018;1
Canarias;65 y más años;2017;0
Canarias;65 y más años;2016;4
Canarias;65 y más años;2015;4
Cantabria;Todas las edades;2023;""
Cantabria;Todas las edades;2022;""
Cantabria;Todas las edades;2021;48
Cantabria;Todas las edades;2020;44
Cantabria;Todas las edades;2019;92
Cantabria;Todas las edades;2018;99
Cantabria;Todas las edades;2017;138
Cantabria;Todas las edades;2016;149
Cantabria;Todas las edades;2015;163
Cantabria;Menos de 18 años;2023;""
Cantabria;Menos de 18 años;2022;""
Cantabria;Menos de 18 años;2021;0
Cantabria;Menos de 18 años;2020;0
Cantabria;Menos de 18 años;2019;0
Cantabria;Menos de 18 años;2018;0
Cantabria;Menos de 18 años;2017;0
Cantabria;Menos de 18 años;2016;1
Cantabria;Menos de 18 años;2015;1
Cantabria;De 18 a 24 años;2023;""
Cantabria;De 18 a 24 años;2022;""
Cantabria;De 18 a 24 años;2021;2
Cantabria;De 18 a 24 años;2020;4
Cantabria;De 18 a 24 años;2019;5
Cantabria;De 18 a 24 años;2018;5
Cantabria;De 18 a 24 años;2017;13
Cantabria;De 18 a 24 años;2016;7
Cantabria;De 18 a 24 años;2015;13
Cantabria;De 25 a 44 años;2023;""
Cantabria;De 25 a 44 años;2022;""
Cantabria;De 25 a 44 años;2021;23
Cantabria;De 25 a 44 años;2020;22
Cantabria;De 25 a 44 años;2019;57
Cantabria;De 25 a 44 años;2018;55
Cantabria;De 25 a 44 años;2017;88
Cantabria;De 25 a 44 años;2016;96
Cantabria;De 25 a 44 años;2015;109
Cantabria;De 45 a 64 años;2023;""
Cantabria;De 45 a 64 años;2022;""
Cantabria;De 45 a 64 años;2021;21
Cantabria;De 45 a 64 años;2020;16
Cantabria;De 45 a 64 años;2019;27
Cantabria;De 45 a 64 años;2018;37
Cantabria;De 45 a 64 años;2017;36
Cantabria;De 45 a 64 años;2016;40
Cantabria;De 45 a 64 años;2015;34
Cantabria;65 y más años;2023;""
Cantabria;65 y más años;2022;""
Cantabria;65 y más años;2021;2
Cantabria;65 y más años;2020;2
Cantabria;65 y más años;2019;3
Cantabria;65 y más años;2018;2
Cantabria;65 y más años;2017;1
Cantabria;65 y más años;2016;5
Cantabria;65 y más años;2015;6
Castilla y León;Todas las edades;2023;""
Castilla y León;Todas las edades;2022;""
Castilla y León;Todas las edades;2021;341
Castilla y León;Todas las edades;2020;263
Castilla y León;Todas las edades;2019;319
Castilla y León;Todas las edades;2018;317
Castilla y León;Todas las edades;2017;314
Castilla y León;Todas las edades;2016;309
Castilla y León;Todas las edades;2015;343
Castilla y León;Menos de 18 años;2023;""
Castilla y León;Menos de 18 años;2022;""
Castilla y León;Menos de 18 años;2021;0
Castilla y León;Menos de 18 años;2020;0
Castilla y León;Menos de 18 años;2019;1
Castilla y León;Menos de 18 años;2018;0
Castilla y León;Menos de 18 años;2017;0
Castilla y León;Menos de 18 años;2016;0
Castilla y León;Menos de 18 años;2015;0
Castilla y León;De 18 a 24 años;2023;""
Castilla y León;De 18 a 24 años;2022;""
Castilla y León;De 18 a 24 años;2021;23
Castilla y León;De 18 a 24 años;2020;22
Castilla y León;De 18 a 24 años;2019;31
Castilla y León;De 18 a 24 años;2018;26
Castilla y León;De 18 a 24 años;2017;28
Castilla y León;De 18 a 24 años;2016;24
Castilla y León;De 18 a 24 años;2015;27
Castilla y León;De 25 a 44 años;2023;""
Castilla y León;De 25 a 44 años;2022;""
Castilla y León;De 25 a 44 años;2021;197
Castilla y León;De 25 a 44 años;2020;143
Castilla y León;De 25 a 44 años;2019;171
Castilla y León;De 25 a 44 años;2018;204
Castilla y León;De 25 a 44 años;2017;180
Castilla y León;De 25 a 44 años;2016;166
Castilla y León;De 25 a 44 años;2015;213
Castilla y León;De 45 a 64 años;2023;""
Castilla y León;De 45 a 64 años;2022;""
Castilla y León;De 45 a 64 años;2021;106
Castilla y León;De 45 a 64 años;2020;87
Castilla y León;De 45 a 64 años;2019;103
Castilla y León;De 45 a 64 años;2018;79
Castilla y León;De 45 a 64 años;2017;89
Castilla y León;De 45 a 64 años;2016;101
Castilla y León;De 45 a 64 años;2015;82
Castilla y León;65 y más años;2023;""
Castilla y León;65 y más años;2022;""
Castilla y León;65 y más años;2021;15
Castilla y León;65 y más años;2020;11
Castilla y León;65 y más años;2019;13
Castilla y León;65 y más años;2018;8
Castilla y León;65 y más años;2017;17
Castilla y León;65 y más años;2016;18
Castilla y León;65 y más años;2015;21
Castilla - La Mancha;Todas las edades;2023;""
Castilla - La Mancha;Todas las edades;2022;""
Castilla - La Mancha;Todas las edades;2021;155
Castilla - La Mancha;Todas las edades;2020;120
Castilla - La Mancha;Todas las edades;2019;128
Castilla - La Mancha;Todas las edades;2018;246
Castilla - La Mancha;Todas las edades;2017;268
Castilla - La Mancha;Todas las edades;2016;189
Castilla - La Mancha;Todas las edades;2015;249
Castilla - La Mancha;Menos de 18 años;2023;""
Castilla - La Mancha;Menos de 18 años;2022;""
Castilla - La Mancha;Menos de 18 años;2021;0
Castilla - La Mancha;Menos de 18 años;2020;1
Castilla - La Mancha;Menos de 18 años;2019;0
Castilla - La Mancha;Menos de 18 años;2018;1
Castilla - La Mancha;Menos de 18 años;2017;1
Castilla - La Mancha;Menos de 18 años;2016;0
Castilla - La Mancha;Menos de 18 años;2015;0
Castilla - La Mancha;De 18 a 24 años;2023;""
Castilla - La Mancha;De 18 a 24 años;2022;""
Castilla - La Mancha;De 18 a 24 años;2021;16
Castilla - La Mancha;De 18 a 24 años;2020;10
Castilla - La Mancha;De 18 a 24 años;2019;10
Castilla - La Mancha;De 18 a 24 años;2018;22
Castilla - La Mancha;De 18 a 24 años;2017;22
Castilla - La Mancha;De 18 a 24 años;2016;14
Castilla - La Mancha;De 18 a 24 años;2015;23
Castilla - La Mancha;De 25 a 44 años;2023;""
Castilla - La Mancha;De 25 a 44 años;2022;""
Castilla - La Mancha;De 25 a 44 años;2021;98
Castilla - La Mancha;De 25 a 44 años;2020;72
Castilla - La Mancha;De 25 a 44 años;2019;86
Castilla - La Mancha;De 25 a 44 años;2018;148
Castilla - La Mancha;De 25 a 44 años;2017;175
Castilla - La Mancha;De 25 a 44 años;2016;122
Castilla - La Mancha;De 25 a 44 años;2015;157
Castilla - La Mancha;De 45 a 64 años;2023;""
Castilla - La Mancha;De 45 a 64 años;2022;""
Castilla - La Mancha;De 45 a 64 años;2021;37
Castilla - La Mancha;De 45 a 64 años;2020;33
Castilla - La Mancha;De 45 a 64 años;2019;27
Castilla - La Mancha;De 45 a 64 años;2018;68
Castilla - La Mancha;De 45 a 64 años;2017;66
Castilla - La Mancha;De 45 a 64 años;2016;49
Castilla - La Mancha;De 45 a 64 años;2015;62
Castilla - La Mancha;65 y más años;2023;""
Castilla - La Mancha;65 y más años;2022;""
Castilla - La Mancha;65 y más años;2021;4
Castilla - La Mancha;65 y más años;2020;4
Castilla - La Mancha;65 y más años;2019;5
Castilla - La Mancha;65 y más años;2018;7
Castilla - La Mancha;65 y más años;2017;4
Castilla - La Mancha;65 y más años;2016;4
Castilla - La Mancha;65 y más años;2015;7
Cataluña;Todas las edades;2023;""
Cataluña;Todas las edades;2022;""
Cataluña;Todas las edades;2021;613
Cataluña;Todas las edades;2020;542
Cataluña;Todas las edades;2019;791
Cataluña;Todas las edades;2018;712
Cataluña;Todas las edades;2017;910
Cataluña;Todas las edades;2016;1.091
Cataluña;Todas las edades;2015;1.239
Cataluña;Menos de 18 años;2023;""
Cataluña;Menos de 18 años;2022;""
Cataluña;Menos de 18 años;2021;1
Cataluña;Menos de 18 años;2020;0
Cataluña;Menos de 18 años;2019;0
Cataluña;Menos de 18 años;2018;0
Cataluña;Menos de 18 años;2017;1
Cataluña;Menos de 18 años;2016;1
Cataluña;Menos de 18 años;2015;2
Cataluña;De 18 a 24 años;2023;""
Cataluña;De 18 a 24 años;2022;""
Cataluña;De 18 a 24 años;2021;52
Cataluña;De 18 a 24 años;2020;51
Cataluña;De 18 a 24 años;2019;73
Cataluña;De 18 a 24 años;2018;60
Cataluña;De 18 a 24 años;2017;85
Cataluña;De 18 a 24 años;2016;95
Cataluña;De 18 a 24 años;2015;111
Cataluña;De 25 a 44 años;2023;""
Cataluña;De 25 a 44 años;2022;""
Cataluña;De 25 a 44 años;2021;380
Cataluña;De 25 a 44 años;2020;334
Cataluña;De 25 a 44 años;2019;479
Cataluña;De 25 a 44 años;2018;459
Cataluña;De 25 a 44 años;2017;601
Cataluña;De 25 a 44 años;2016;693
Cataluña;De 25 a 44 años;2015;795
Cataluña;De 45 a 64 años;2023;""
Cataluña;De 45 a 64 años;2022;""
Cataluña;De 45 a 64 años;2021;166
Cataluña;De 45 a 64 años;2020;143
Cataluña;De 45 a 64 años;2019;213
Cataluña;De 45 a 64 años;2018;173
Cataluña;De 45 a 64 años;2017;201
Cataluña;De 45 a 64 años;2016;272
Cataluña;De 45 a 64 años;2015;300
Cataluña;65 y más años;2023;""
Cataluña;65 y más años;2022;""
Cataluña;65 y más años;2021;14
Cataluña;65 y más años;2020;14
Cataluña;65 y más años;2019;26
Cataluña;65 y más años;2018;20
Cataluña;65 y más años;2017;22
Cataluña;65 y más años;2016;30
Cataluña;65 y más años;2015;31
Comunitat Valenciana;Todas las edades;2023;""
Comunitat Valenciana;Todas las edades;2022;""
Comunitat Valenciana;Todas las edades;2021;621
Comunitat Valenciana;Todas las edades;2020;465
Comunitat Valenciana;Todas las edades;2019;665
Comunitat Valenciana;Todas las edades;2018;687
Comunitat Valenciana;Todas las edades;2017;755
Comunitat Valenciana;Todas las edades;2016;737
Comunitat Valenciana;Todas las edades;2015;735
Comunitat Valenciana;Menos de 18 años;2023;""
Comunitat Valenciana;Menos de 18 años;2022;""
Comunitat Valenciana;Menos de 18 años;2021;0
Comunitat Valenciana;Menos de 18 años;2020;0
Comunitat Valenciana;Menos de 18 años;2019;0
Comunitat Valenciana;Menos de 18 años;2018;1
Comunitat Valenciana;Menos de 18 años;2017;0
Comunitat Valenciana;Menos de 18 años;2016;0
Comunitat Valenciana;Menos de 18 años;2015;1
Comunitat Valenciana;De 18 a 24 años;2023;""
Comunitat Valenciana;De 18 a 24 años;2022;""
Comunitat Valenciana;De 18 a 24 años;2021;58
Comunitat Valenciana;De 18 a 24 años;2020;42
Comunitat Valenciana;De 18 a 24 años;2019;54
Comunitat Valenciana;De 18 a 24 años;2018;52
Comunitat Valenciana;De 18 a 24 años;2017;63
Comunitat Valenciana;De 18 a 24 años;2016;48
Comunitat Valenciana;De 18 a 24 años;2015;44
Comunitat Valenciana;De 25 a 44 años;2023;""
Comunitat Valenciana;De 25 a 44 años;2022;""
Comunitat Valenciana;De 25 a 44 años;2021;362
Comunitat Valenciana;De 25 a 44 años;2020;269
Comunitat Valenciana;De 25 a 44 años;2019;413
Comunitat Valenciana;De 25 a 44 años;2018;416
Comunitat Valenciana;De 25 a 44 años;2017;482
Comunitat Valenciana;De 25 a 44 años;2016;463
Comunitat Valenciana;De 25 a 44 años;2015;468
Comunitat Valenciana;De 45 a 64 años;2023;""
Comunitat Valenciana;De 45 a 64 años;2022;""
Comunitat Valenciana;De 45 a 64 años;2021;181
Comunitat Valenciana;De 45 a 64 años;2020;135
Comunitat Valenciana;De 45 a 64 años;2019;169
Comunitat Valenciana;De 45 a 64 años;2018;190
Comunitat Valenciana;De 45 a 64 años;2017;182
Comunitat Valenciana;De 45 a 64 años;2016;193
Comunitat Valenciana;De 45 a 64 años;2015;194
Comunitat Valenciana;65 y más años;2023;""
Comunitat Valenciana;65 y más años;2022;""
Comunitat Valenciana;65 y más años;2021;20
Comunitat Valenciana;65 y más años;2020;19
Comunitat Valenciana;65 y más años;2019;29
Comunitat Valenciana;65 y más años;2018;28
Comunitat Valenciana;65 y más años;2017;28
Comunitat Valenciana;65 y más años;2016;33
Comunitat Valenciana;65 y más años;2015;28
Extremadura;Todas las edades;2023;""
Extremadura;Todas las edades;2022;""
Extremadura;Todas las edades;2021;39
Extremadura;Todas las edades;2020;24
Extremadura;Todas las edades;2019;46
Extremadura;Todas las edades;2018;57
Extremadura;Todas las edades;2017;49
Extremadura;Todas las edades;2016;49
Extremadura;Todas las edades;2015;45
Extremadura;Menos de 18 años;2023;""
Extremadura;Menos de 18 años;2022;""
Extremadura;Menos de 18 años;2021;0
Extremadura;Menos de 18 años;2020;0
Extremadura;Menos de 18 años;2019;0
Extremadura;Menos de 18 años;2018;0
Extremadura;Menos de 18 años;2017;0
Extremadura;Menos de 18 años;2016;0
Extremadura;Menos de 18 años;2015;0
Extremadura;De 18 a 24 años;2023;""
Extremadura;De 18 a 24 años;2022;""
Extremadura;De 18 a 24 años;2021;0
Extremadura;De 18 a 24 años;2020;1
Extremadura;De 18 a 24 años;2019;4
Extremadura;De 18 a 24 años;2018;3
Extremadura;De 18 a 24 años;2017;5
Extremadura;De 18 a 24 años;2016;2
Extremadura;De 18 a 24 años;2015;4
Extremadura;De 25 a 44 años;2023;""
Extremadura;De 25 a 44 años;2022;""
Extremadura;De 25 a 44 años;2021;24
Extremadura;De 25 a 44 años;2020;16
Extremadura;De 25 a 44 años;2019;26
Extremadura;De 25 a 44 años;2018;36
Extremadura;De 25 a 44 años;2017;21
Extremadura;De 25 a 44 años;2016;31
Extremadura;De 25 a 44 años;2015;25
Extremadura;De 45 a 64 años;2023;""
Extremadura;De 45 a 64 años;2022;""
Extremadura;De 45 a 64 años;2021;13
Extremadura;De 45 a 64 años;2020;4
Extremadura;De 45 a 64 años;2019;15
Extremadura;De 45 a 64 años;2018;15
Extremadura;De 45 a 64 años;2017;20
Extremadura;De 45 a 64 años;2016;11
Extremadura;De 45 a 64 años;2015;16
Extremadura;65 y más años;2023;""
Extremadura;65 y más años;2022;""
Extremadura;65 y más años;2021;2
Extremadura;65 y más años;2020;3
Extremadura;65 y más años;2019;1
Extremadura;65 y más años;2018;3
Extremadura;65 y más años;2017;3
Extremadura;65 y más años;2016;5
Extremadura;65 y más años;2015;0
Galicia;Todas las edades;2023;""
Galicia;Todas las edades;2022;""
Galicia;Todas las edades;2021;151
Galicia;Todas las edades;2020;106
Galicia;Todas las edades;2019;177
Galicia;Todas las edades;2018;147
Galicia;Todas las edades;2017;153
Galicia;Todas las edades;2016;150
Galicia;Todas las edades;2015;196
Galicia;Menos de 18 años;2023;""
Galicia;Menos de 18 años;2022;""
Galicia;Menos de 18 años;2021;0
Galicia;Menos de 18 años;2020;0
Galicia;Menos de 18 años;2019;0
Galicia;Menos de 18 años;2018;0
Galicia;Menos de 18 años;2017;0
Galicia;Menos de 18 años;2016;0
Galicia;Menos de 18 años;2015;0
Galicia;De 18 a 24 años;2023;""
Galicia;De 18 a 24 años;2022;""
Galicia;De 18 a 24 años;2021;7
Galicia;De 18 a 24 años;2020;8
Galicia;De 18 a 24 años;2019;8
Galicia;De 18 a 24 años;2018;12
Galicia;De 18 a 24 años;2017;14
Galicia;De 18 a 24 años;2016;15
Galicia;De 18 a 24 años;2015;12
Galicia;De 25 a 44 años;2023;""
Galicia;De 25 a 44 años;2022;""
Galicia;De 25 a 44 años;2021;83
Galicia;De 25 a 44 años;2020;57
Galicia;De 25 a 44 años;2019;110
Galicia;De 25 a 44 años;2018;82
Galicia;De 25 a 44 años;2017;83
Galicia;De 25 a 44 años;2016;79
Galicia;De 25 a 44 años;2015;112
Galicia;De 45 a 64 años;2023;""
Galicia;De 45 a 64 años;2022;""
Galicia;De 45 a 64 años;2021;50
Galicia;De 45 a 64 años;2020;38
Galicia;De 45 a 64 años;2019;50
Galicia;De 45 a 64 años;2018;41
Galicia;De 45 a 64 años;2017;50
Galicia;De 45 a 64 años;2016;47
Galicia;De 45 a 64 años;2015;57
Galicia;65 y más años;2023;""
Galicia;65 y más años;2022;""
Galicia;65 y más años;2021;11
Galicia;65 y más años;2020;3
Galicia;65 y más años;2019;9
Galicia;65 y más años;2018;12
Galicia;65 y más años;2017;6
Galicia;65 y más años;2016;9
Galicia;65 y más años;2015;15
Madrid, Comunidad de;Todas las edades;2023;""
Madrid, Comunidad de;Todas las edades;2022;""
Madrid, Comunidad de;Todas las edades;2021;661
Madrid, Comunidad de;Todas las edades;2020;594
Madrid, Comunidad de;Todas las edades;2019;859
Madrid, Comunidad de;Todas las edades;2018;848
Madrid, Comunidad de;Todas las edades;2017;990
Madrid, Comunidad de;Todas las edades;2016;1.052
Madrid, Comunidad de;Todas las edades;2015;1.163
Madrid, Comunidad de;Menos de 18 años;2023;""
Madrid, Comunidad de;Menos de 18 años;2022;""
Madrid, Comunidad de;Menos de 18 años;2021;0
Madrid, Comunidad de;Menos de 18 años;2020;0
Madrid, Comunidad de;Menos de 18 años;2019;1
Madrid, Comunidad de;Menos de 18 años;2018;1
Madrid, Comunidad de;Menos de 18 años;2017;1
Madrid, Comunidad de;Menos de 18 años;2016;1
Madrid, Comunidad de;Menos de 18 años;2015;0
Madrid, Comunidad de;De 18 a 24 años;2023;""
Madrid, Comunidad de;De 18 a 24 años;2022;""
Madrid, Comunidad de;De 18 a 24 años;2021;64
Madrid, Comunidad de;De 18 a 24 años;2020;57
Madrid, Comunidad de;De 18 a 24 años;2019;87
Madrid, Comunidad de;De 18 a 24 años;2018;84
Madrid, Comunidad de;De 18 a 24 años;2017;90
Madrid, Comunidad de;De 18 a 24 años;2016;99
Madrid, Comunidad de;De 18 a 24 años;2015;105
Madrid, Comunidad de;De 25 a 44 años;2023;""
Madrid, Comunidad de;De 25 a 44 años;2022;""
Madrid, Comunidad de;De 25 a 44 años;2021;410
Madrid, Comunidad de;De 25 a 44 años;2020;365
Madrid, Comunidad de;De 25 a 44 años;2019;549
Madrid, Comunidad de;De 25 a 44 años;2018;517
Madrid, Comunidad de;De 25 a 44 años;2017;628
Madrid, Comunidad de;De 25 a 44 años;2016;673
Madrid, Comunidad de;De 25 a 44 años;2015;768
Madrid, Comunidad de;De 45 a 64 años;2023;""
Madrid, Comunidad de;De 45 a 64 años;2022;""
Madrid, Comunidad de;De 45 a 64 años;2021;165
Madrid, Comunidad de;De 45 a 64 años;2020;151
Madrid, Comunidad de;De 45 a 64 años;2019;202
Madrid, Comunidad de;De 45 a 64 años;2018;230
Madrid, Comunidad de;De 45 a 64 años;2017;248
Madrid, Comunidad de;De 45 a 64 años;2016;254
Madrid, Comunidad de;De 45 a 64 años;2015;271
Madrid, Comunidad de;65 y más años;2023;""
Madrid, Comunidad de;65 y más años;2022;""
Madrid, Comunidad de;65 y más años;2021;22
Madrid, Comunidad de;65 y más años;2020;21
Madrid, Comunidad de;65 y más años;2019;20
Madrid, Comunidad de;65 y más años;2018;16
Madrid, Comunidad de;65 y más años;2017;23
Madrid, Comunidad de;65 y más años;2016;25
Madrid, Comunidad de;65 y más años;2015;19
Murcia, Región de;Todas las edades;2023;""
Murcia, Región de;Todas las edades;2022;""
Murcia, Región de;Todas las edades;2021;161
Murcia, Región de;Todas las edades;2020;137
Murcia, Región de;Todas las edades;2019;178
Murcia, Región de;Todas las edades;2018;173
Murcia, Región de;Todas las edades;2017;189
Murcia, Región de;Todas las edades;2016;213
Murcia, Región de;Todas las edades;2015;239
Murcia, Región de;Menos de 18 años;2023;""
Murcia, Región de;Menos de 18 años;2022;""
Murcia, Región de;Menos de 18 años;2021;0
Murcia, Región de;Menos de 18 años;2020;2
Murcia, Región de;Menos de 18 años;2019;0
Murcia, Región de;Menos de 18 años;2018;0
Murcia, Región de;Menos de 18 años;2017;1
Murcia, Región de;Menos de 18 años;2016;0
Murcia, Región de;Menos de 18 años;2015;0
Murcia, Región de;De 18 a 24 años;2023;""
Murcia, Región de;De 18 a 24 años;2022;""
Murcia, Región de;De 18 a 24 años;2021;13
Murcia, Región de;De 18 a 24 años;2020;12
Murcia, Región de;De 18 a 24 años;2019;13
Murcia, Región de;De 18 a 24 años;2018;12
Murcia, Región de;De 18 a 24 años;2017;28
Murcia, Región de;De 18 a 24 años;2016;13
Murcia, Región de;De 18 a 24 años;2015;21
Murcia, Región de;De 25 a 44 años;2023;""
Murcia, Región de;De 25 a 44 años;2022;""
Murcia, Región de;De 25 a 44 años;2021;98
Murcia, Región de;De 25 a 44 años;2020;85
Murcia, Región de;De 25 a 44 años;2019;121
Murcia, Región de;De 25 a 44 años;2018;115
Murcia, Región de;De 25 a 44 años;2017;110
Murcia, Región de;De 25 a 44 años;2016;135
Murcia, Región de;De 25 a 44 años;2015;160
Murcia, Región de;De 45 a 64 años;2023;""
Murcia, Región de;De 45 a 64 años;2022;""
Murcia, Región de;De 45 a 64 años;2021;43
Murcia, Región de;De 45 a 64 años;2020;33
Murcia, Región de;De 45 a 64 años;2019;41
Murcia, Región de;De 45 a 64 años;2018;41
Murcia, Región de;De 45 a 64 años;2017;48
Murcia, Región de;De 45 a 64 años;2016;54
Murcia, Región de;De 45 a 64 años;2015;50
Murcia, Región de;65 y más años;2023;""
Murcia, Región de;65 y más años;2022;""
Murcia, Región de;65 y más años;2021;7
Murcia, Región de;65 y más años;2020;5
Murcia, Región de;65 y más años;2019;3
Murcia, Región de;65 y más años;2018;5
Murcia, Región de;65 y más años;2017;2
Murcia, Región de;65 y más años;2016;11
Murcia, Región de;65 y más años;2015;8
Navarra, Comunidad Foral de;Todas las edades;2023;""
Navarra, Comunidad Foral de;Todas las edades;2022;""
Navarra, Comunidad Foral de;Todas las edades;2021;27
Navarra, Comunidad Foral de;Todas las edades;2020;34
Navarra, Comunidad Foral de;Todas las edades;2019;49
Navarra, Comunidad Foral de;Todas las edades;2018;30
Navarra, Comunidad Foral de;Todas las edades;2017;52
Navarra, Comunidad Foral de;Todas las edades;2016;56
Navarra, Comunidad Foral de;Todas las edades;2015;49
Navarra, Comunidad Foral de;Menos de 18 años;2023;""
Navarra, Comunidad Foral de;Menos de 18 años;2022;""
Navarra, Comunidad Foral de;Menos de 18 años;2021;0
Navarra, Comunidad Foral de;Menos de 18 años;2020;0
Navarra, Comunidad Foral de;Menos de 18 años;2019;0
Navarra, Comunidad Foral de;Menos de 18 años;2018;0
Navarra, Comunidad Foral de;Menos de 18 años;2017;0
Navarra, Comunidad Foral de;Menos de 18 años;2016;0
Navarra, Comunidad Foral de;Menos de 18 años;2015;0
Navarra, Comunidad Foral de;De 18 a 24 años;2023;""
Navarra, Comunidad Foral de;De 18 a 24 años;2022;""
Navarra, Comunidad Foral de;De 18 a 24 años;2021;0
Navarra, Comunidad Foral de;De 18 a 24 años;2020;4
Navarra, Comunidad Foral de;De 18 a 24 años;2019;6
Navarra, Comunidad Foral de;De 18 a 24 años;2018;2
Navarra, Comunidad Foral de;De 18 a 24 años;2017;5
Navarra, Comunidad Foral de;De 18 a 24 años;2016;5
Navarra, Comunidad Foral de;De 18 a 24 años;2015;6
Navarra, Comunidad Foral de;De 25 a 44 años;2023;""
Navarra, Comunidad Foral de;De 25 a 44 años;2022;""
Navarra, Comunidad Foral de;De 25 a 44 años;2021;15
Navarra, Comunidad Foral de;De 25 a 44 años;2020;22
Navarra, Comunidad Foral de;De 25 a 44 años;2019;27
Navarra, Comunidad Foral de;De 25 a 44 años;2018;18
Navarra, Comunidad Foral de;De 25 a 44 años;2017;35
Navarra, Comunidad Foral de;De 25 a 44 años;2016;39
Navarra, Comunidad Foral de;De 25 a 44 años;2015;32
Navarra, Comunidad Foral de;De 45 a 64 años;2023;""
Navarra, Comunidad Foral de;De 45 a 64 años;2022;""
Navarra, Comunidad Foral de;De 45 a 64 años;2021;9
Navarra, Comunidad Foral de;De 45 a 64 años;2020;8
Navarra, Comunidad Foral de;De 45 a 64 años;2019;13
Navarra, Comunidad Foral de;De 45 a 64 años;2018;9
Navarra, Comunidad Foral de;De 45 a 64 años;2017;11
Navarra, Comunidad Foral de;De 45 a 64 años;2016;11
Navarra, Comunidad Foral de;De 45 a 64 años;2015;10
Navarra, Comunidad Foral de;65 y más años;2023;""
Navarra, Comunidad Foral de;65 y más años;2022;""
Navarra, Comunidad Foral de;65 y más años;2021;3
Navarra, Comunidad Foral de;65 y más años;2020;0
Navarra, Comunidad Foral de;65 y más años;2019;3
Navarra, Comunidad Foral de;65 y más años;2018;1
Navarra, Comunidad Foral de;65 y más años;2017;1
Navarra, Comunidad Foral de;65 y más años;2016;1
Navarra, Comunidad Foral de;65 y más años;2015;1
País Vasco;Todas las edades;2023;""
País Vasco;Todas las edades;2022;""
País Vasco;Todas las edades;2021;3
País Vasco;Todas las edades;2020;0
País Vasco;Todas las edades;2019;2
País Vasco;Todas las edades;2018;1
País Vasco;Todas las edades;2017;3
País Vasco;Todas las edades;2016;3
País Vasco;Todas las edades;2015;2
País Vasco;Menos de 18 años;2023;""
País Vasco;Menos de 18 años;2022;""
País Vasco;Menos de 18 años;2021;0
País Vasco;Menos de 18 años;2020;0
País Vasco;Menos de 18 años;2019;0
País Vasco;Menos de 18 años;2018;0
País Vasco;Menos de 18 años;2017;0
País Vasco;Menos de 18 años;2016;0
País Vasco;Menos de 18 años;2015;0
País Vasco;De 18 a 24 años;2023;""
País Vasco;De 18 a 24 años;2022;""
País Vasco;De 18 a 24 años;2021;1
País Vasco;De 18 a 24 años;2020;0
País Vasco;De 18 a 24 años;2019;0
País Vasco;De 18 a 24 años;2018;0
País Vasco;De 18 a 24 años;2017;0
País Vasco;De 18 a 24 años;2016;1
País Vasco;De 18 a 24 años;2015;0
País Vasco;De 25 a 44 años;2023;""
País Vasco;De 25 a 44 años;2022;""
País Vasco;De 25 a 44 años;2021;1
País Vasco;De 25 a 44 años;2020;0
País Vasco;De 25 a 44 años;2019;1
País Vasco;De 25 a 44 años;2018;1
País Vasco;De 25 a 44 años;2017;3
País Vasco;De 25 a 44 años;2016;2
País Vasco;De 25 a 44 años;2015;1
País Vasco;De 45 a 64 años;2023;""
País Vasco;De 45 a 64 años;2022;""
País Vasco;De 45 a 64 años;2021;1
País Vasco;De 45 a 64 años;2020;0
País Vasco;De 45 a 64 años;2019;0
País Vasco;De 45 a 64 años;2018;0
País Vasco;De 45 a 64 años;2017;0
País Vasco;De 45 a 64 años;2016;0
País Vasco;De 45 a 64 años;2015;1
País Vasco;65 y más años;2023;""
País Vasco;65 y más años;2022;""
País Vasco;65 y más años;2021;0
País Vasco;65 y más años;2020;0
País Vasco;65 y más años;2019;1
País Vasco;65 y más años;2018;0
País Vasco;65 y más años;2017;0
País Vasco;65 y más años;2016;0
País Vasco;65 y más años;2015;0
Rioja, La;Todas las edades;2023;""
Rioja, La;Todas las edades;2022;""
Rioja, La;Todas las edades;2021;29
Rioja, La;Todas las edades;2020;41
Rioja, La;Todas las edades;2019;52
Rioja, La;Todas las edades;2018;32
Rioja, La;Todas las edades;2017;29
Rioja, La;Todas las edades;2016;14
Rioja, La;Todas las edades;2015;49
Rioja, La;Menos de 18 años;2023;""
Rioja, La;Menos de 18 años;2022;""
Rioja, La;Menos de 18 años;2021;0
Rioja, La;Menos de 18 años;2020;0
Rioja, La;Menos de 18 años;2019;1
Rioja, La;Menos de 18 años;2018;1
Rioja, La;Menos de 18 años;2017;1
Rioja, La;Menos de 18 años;2016;0
Rioja, La;Menos de 18 años;2015;1
Rioja, La;De 18 a 24 años;2023;""
Rioja, La;De 18 a 24 años;2022;""
Rioja, La;De 18 a 24 años;2021;2
Rioja, La;De 18 a 24 años;2020;3
Rioja, La;De 18 a 24 años;2019;4
Rioja, La;De 18 a 24 años;2018;3
Rioja, La;De 18 a 24 años;2017;8
Rioja, La;De 18 a 24 años;2016;0
Rioja, La;De 18 a 24 años;2015;2
Rioja, La;De 25 a 44 años;2023;""
Rioja, La;De 25 a 44 años;2022;""
Rioja, La;De 25 a 44 años;2021;13
Rioja, La;De 25 a 44 años;2020;23
Rioja, La;De 25 a 44 años;2019;32
Rioja, La;De 25 a 44 años;2018;14
Rioja, La;De 25 a 44 años;2017;16
Rioja, La;De 25 a 44 años;2016;10
Rioja, La;De 25 a 44 años;2015;32
Rioja, La;De 45 a 64 años;2023;""
Rioja, La;De 45 a 64 años;2022;""
Rioja, La;De 45 a 64 años;2021;14
Rioja, La;De 45 a 64 años;2020;14
Rioja, La;De 45 a 64 años;2019;13
Rioja, La;De 45 a 64 años;2018;14
Rioja, La;De 45 a 64 años;2017;4
Rioja, La;De 45 a 64 años;2016;3
Rioja, La;De 45 a 64 años;2015;12
Rioja, La;65 y más años;2023;""
Rioja, La;65 y más años;2022;""
Rioja, La;65 y más años;2021;0
Rioja, La;65 y más años;2020;1
Rioja, La;65 y más años;2019;2
Rioja, La;65 y más años;2018;0
Rioja, La;65 y más años;2017;0
Rioja, La;65 y más años;2016;1
Rioja, La;65 y más años;2015;2
Ceuta;Todas las edades;2023;""
Ceuta;Todas las edades;2022;""
Ceuta;Todas las edades;2021;9
Ceuta;Todas las edades;2020;9
Ceuta;Todas las edades;2019;3
Ceuta;Todas las edades;2018;0
Ceuta;Todas las edades;2017;0
Ceuta;Todas las edades;2016;6
Ceuta;Todas las edades;2015;41
Ceuta;Menos de 18 años;2023;""
Ceuta;Menos de 18 años;2022;""
Ceuta;Menos de 18 años;2021;0
Ceuta;Menos de 18 años;2020;0
Ceuta;Menos de 18 años;2019;0
Ceuta;Menos de 18 años;2018;0
Ceuta;Menos de 18 años;2017;0
Ceuta;Menos de 18 años;2016;0
Ceuta;Menos de 18 años;2015;0
Ceuta;De 18 a 24 años;2023;""
Ceuta;De 18 a 24 años;2022;""
Ceuta;De 18 a 24 años;2021;1
Ceuta;De 18 a 24 años;2020;1
Ceuta;De 18 a 24 años;2019;1
Ceuta;De 18 a 24 años;2018;0
Ceuta;De 18 a 24 años;2017;0
Ceuta;De 18 a 24 años;2016;1
Ceuta;De 18 a 24 años;2015;5
Ceuta;De 25 a 44 años;2023;""
Ceuta;De 25 a 44 años;2022;""
Ceuta;De 25 a 44 años;2021;5
Ceuta;De 25 a 44 años;2020;8
Ceuta;De 25 a 44 años;2019;1
Ceuta;De 25 a 44 años;2018;0
Ceuta;De 25 a 44 años;2017;0
Ceuta;De 25 a 44 años;2016;4
Ceuta;De 25 a 44 años;2015;24
Ceuta;De 45 a 64 años;2023;""
Ceuta;De 45 a 64 años;2022;""
Ceuta;De 45 a 64 años;2021;3
Ceuta;De 45 a 64 años;2020;0
Ceuta;De 45 a 64 años;2019;1
Ceuta;De 45 a 64 años;2018;0
Ceuta;De 45 a 64 años;2017;0
Ceuta;De 45 a 64 años;2016;1
Ceuta;De 45 a 64 años;2015;12
Ceuta;65 y más años;2023;""
Ceuta;65 y más años;2022;""
Ceuta;65 y más años;2021;0
Ceuta;65 y más años;2020;0
Ceuta;65 y más años;2019;0
Ceuta;65 y más años;2018;0
Ceuta;65 y más años;2017;0
Ceuta;65 y más años;2016;0
Ceuta;65 y más años;2015;0
Melilla;Todas las edades;2023;""
Melilla;Todas las edades;2022;""
Melilla;Todas las edades;2021;8
Melilla;Todas las edades;2020;11
Melilla;Todas las edades;2019;14
Melilla;Todas las edades;2018;17
Melilla;Todas las edades;2017;22
Melilla;Todas las edades;2016;12
Melilla;Todas las edades;2015;20
Melilla;Menos de 18 años;2023;""
Melilla;Menos de 18 años;2022;""
Melilla;Menos de 18 años;2021;0
Melilla;Menos de 18 años;2020;0
Melilla;Menos de 18 años;2019;0
Melilla;Menos de 18 años;2018;0
Melilla;Menos de 18 años;2017;0
Melilla;Menos de 18 años;2016;0
Melilla;Menos de 18 años;2015;0
Melilla;De 18 a 24 años;2023;""
Melilla;De 18 a 24 años;2022;""
Melilla;De 18 a 24 años;2021;0
Melilla;De 18 a 24 años;2020;0
Melilla;De 18 a 24 años;2019;2
Melilla;De 18 a 24 años;2018;0
Melilla;De 18 a 24 años;2017;3
Melilla;De 18 a 24 años;2016;0
Melilla;De 18 a 24 años;2015;2
Melilla;De 25 a 44 años;2023;""
Melilla;De 25 a 44 años;2022;""
Melilla;De 25 a 44 años;2021;4
Melilla;De 25 a 44 años;2020;6
Melilla;De 25 a 44 años;2019;9
Melilla;De 25 a 44 años;2018;8
Melilla;De 25 a 44 años;2017;16
Melilla;De 25 a 44 años;2016;4
Melilla;De 25 a 44 años;2015;14
Melilla;De 45 a 64 años;2023;""
Melilla;De 45 a 64 años;2022;""
Melilla;De 45 a 64 años;2021;3
Melilla;De 45 a 64 años;2020;5
Melilla;De 45 a 64 años;2019;3
Melilla;De 45 a 64 años;2018;8
Melilla;De 45 a 64 años;2017;3
Melilla;De 45 a 64 años;2016;7
Melilla;De 45 a 64 años;2015;3
Melilla;65 y más años;2023;""
Melilla;65 y más años;2022;""
Melilla;65 y más años;2021;1
Melilla;65 y más años;2020;0
Melilla;65 y más años;2019;0
Melilla;65 y más años;2018;1
Melilla;65 y más años;2017;0
Melilla;65 y más años;2016;1
Melilla;65 y más años;2015;1
